,decay_rate,bkg_norm,signal_norm,spectral_index,theta_12,theta_13,theta_23,delta_cp,llh,delta_llh
0,0.0,-3.4564813589318146e-07,-0.056566716957128685,3.2008357891989,0.552268050859363,0.1493318452306808,0.6708203932499369,-130.0,-293621.34115167597,2.9925722628831863e-06
1,0.020050125313283207,-3.153550691512444e-06,-0.05651026509376633,3.2008425633117743,0.552268050859363,0.1493318452306808,0.6708203932499369,-130.0,-293621.34115066705,4.001485649496317e-06
2,0.040100250626566414,-8.535486563736246e-07,-0.05648591261729567,3.200913774183606,0.552268050859363,0.1493318452306808,0.6708203932499369,-130.0,-293621.34114970575,4.962785169482231e-06
3,0.06015037593984962,-1.320654908834316e-06,-0.05644194066252556,3.2009397631272254,0.552268050859363,0.1493318452306808,0.6708203932499369,-130.0,-293621.34114854387,6.124668288975954e-06
4,0.08020050125313283,-3.100313673148234e-07,-0.05640532689286418,3.2010021525231296,0.552268050859363,0.1493318452306808,0.6708203932499369,-130.0,-293621.3411473108,7.357739377766848e-06
5,0.10025062656641603,-1.235069552009212e-06,-0.05637766586612655,3.2010477871522913,0.552268050859363,0.1493318452306808,0.6708203932499369,-130.0,-293621.34114596265,8.705887012183666e-06
6,0.12030075187969924,-2.3500208687005517e-07,-0.05633291018711403,3.201103666657076,0.552268050859363,0.1493318452306808,0.6708203932499369,-130.0,-293621.34114445926,1.0209274478256702e-05
7,0.14035087719298245,-1.8761010410512019e-06,-0.05628219575671155,3.201138924154622,0.552268050859363,0.1493318452306808,0.6708203932499369,-130.0,-293621.3411428186,1.1849915608763695e-05
8,0.16040100250626566,-9.624278271896618e-07,-0.05622207357680987,3.2011978060257475,0.552268050859363,0.1493318452306808,0.6708203932499369,-130.0,-293621.3411409743,1.369422534480691e-05
9,0.18045112781954886,-2.952874193244811e-06,-0.056196168918570134,3.201224831867594,0.552268050859363,0.1493318452306808,0.6708203932499369,-130.0,-293621.3411390024,1.5666126273572445e-05
10,0.20050125313283207,2.9140602532277786e-07,-0.05617920108467705,3.2012287946117137,0.552268050859363,0.1493318452306808,0.6708203932499369,-130.0,-293621.3411366476,1.802091719582677e-05
11,0.22055137844611528,-1.7353298536835792e-06,-0.05608580998123822,3.2014186527172606,0.552268050859363,0.1493318452306808,0.6708203932499369,-130.0,-293621.34113448014,2.0188395865261555e-05
12,0.24060150375939848,-1.6333377082434937e-06,-0.05603160148496749,3.2014178903115673,0.552268050859363,0.1493318452306808,0.6708203932499369,-130.0,-293621.3411318858,2.2782711312174797e-05
13,0.2606516290726817,-4.070142348277342e-06,-0.055935922210567715,3.2016082446582015,0.552268050859363,0.1493318452306808,0.6708203932499369,-130.0,-293621.3411288232,2.5845365598797798e-05
14,0.2807017543859649,-5.147989539221851e-06,-0.05587183154367395,3.201652988220798,0.552268050859363,0.1493318452306808,0.6708203932499369,-130.0,-293621.3411257887,2.887984737753868e-05
15,0.3007518796992481,-3.032902825348242e-06,-0.05584125569582561,3.201693280118274,0.552268050859363,0.1493318452306808,0.6708203932499369,-130.0,-293621.3411224975,3.2171024940907955e-05
16,0.3208020050125313,-2.109082686109179e-06,-0.05578671024999158,3.201736569485863,0.552268050859363,0.1493318452306808,0.6708203932499369,-130.0,-293621.3411187698,3.5898759961128235e-05
17,0.3408521303258145,-8.305649583529797e-07,-0.055750091883843285,3.2017839852738366,0.552268050859363,0.1493318452306808,0.6708203932499369,-130.0,-293621.3411145668,4.0101760532706976e-05
18,0.3609022556390977,-6.494499777235903e-06,-0.05564836741105847,3.201864180087019,0.552268050859363,0.1493318452306808,0.6708203932499369,-130.0,-293621.34110996895,4.4699583668261766e-05
19,0.38095238095238093,-2.662939697649931e-06,-0.055565071418370596,3.2019850254707,0.552268050859363,0.1493318452306808,0.6708203932499369,-130.0,-293621.341105184,4.9484544433653355e-05
20,0.40100250626566414,-9.805062591721604e-07,-0.055521397634436156,3.2019982397788675,0.552268050859363,0.1493318452306808,0.6708203932499369,-130.0,-293621.34109950234,5.516619421541691e-05
21,0.42105263157894735,-2.937443120143776e-06,-0.05540069568016846,3.2021749535444246,0.552268050859363,0.1493318452306808,0.6708203932499369,-130.0,-293621.34109380894,6.085960194468498e-05
22,0.44110275689223055,-2.1621293895099805e-06,-0.05532697522113326,3.2022477231988473,0.552268050859363,0.1493318452306808,0.6708203932499369,-130.0,-293621.3410872352,6.743334233760834e-05
23,0.46115288220551376,-2.228388559733019e-06,-0.05524294381626592,3.2023598617670928,0.552268050859363,0.1493318452306808,0.6708203932499369,-130.0,-293621.3410800958,7.457274477928877e-05
24,0.48120300751879697,-1.5652102360669136e-06,-0.05515776256306386,3.2024561238868214,0.552268050859363,0.1493318452306808,0.6708203932499369,-130.0,-293621.3410722033,8.246523793786764e-05
25,0.5012531328320802,-2.1691902471321983e-06,-0.05503768826189908,3.2025953628873967,0.552268050859363,0.1493318452306808,0.6708203932499369,-130.0,-293621.3410636888,9.097973816096783e-05
26,0.5213032581453634,-1.3425494347665684e-06,-0.054929662105613626,3.202708571203355,0.552268050859363,0.1493318452306808,0.6708203932499369,-130.0,-293621.34105423087,0.00010043766815215349
27,0.5413533834586466,-2.1505044554860717e-06,-0.05481393282444003,3.2029347545670475,0.552268050859363,0.1493318452306808,0.6708203932499369,-130.0,-293621.34104390757,0.00011076097143813968
28,0.5614035087719298,-6.204817713508824e-06,-0.05465200940656811,3.203082261623798,0.552268050859363,0.1493318452306808,0.6708203932499369,-130.0,-293621.3410325742,0.00012209435226395726
29,0.581453634085213,-6.963789200256308e-06,-0.054552658661724464,3.203112011649153,0.552268050859363,0.1493318452306808,0.6708203932499369,-130.0,-293621.34102009085,0.0001345776836387813
30,0.6015037593984962,-4.29605396601701e-06,-0.054457537382552816,3.203342932873626,0.552268050859363,0.1493318452306808,0.6708203932499369,-130.0,-293621.34100666625,0.00014800229109823704
31,0.6215538847117794,-4.206467209704854e-06,-0.054316062974330934,3.20348661240744,0.552268050859363,0.1493318452306808,0.6708203932499369,-130.0,-293621.34099183476,0.00016283377772197127
32,0.6416040100250626,4.09887197804031e-07,-0.054205431632493056,3.2035669188192974,0.552268050859363,0.1493318452306808,0.6708203932499369,-130.0,-293621.340975325,0.00017934356583282351
33,0.6616541353383458,-5.405676567594197e-06,-0.0540242001282186,3.203814327601639,0.552268050859363,0.1493318452306808,0.6708203932499369,-130.0,-293621.3409576563,0.00019701221026480198
34,0.681704260651629,-1.2345893295824632e-06,-0.053878534263719705,3.204020302833546,0.552268050859363,0.1493318452306808,0.6708203932499369,-130.0,-293621.34093795466,0.00021671387366950512
35,0.7017543859649122,-4.070912499246147e-06,-0.053739000692872914,3.204128533953374,0.552268050859363,0.1493318452306808,0.6708203932499369,-130.0,-293621.3409165392,0.00023812934523448348
36,0.7218045112781954,-5.7493799075302626e-06,-0.05355129826951392,3.2043688949326112,0.552268050859363,0.1493318452306808,0.6708203932499369,-130.0,-293621.3408930834,0.0002615851117298007
37,0.7418546365914787,-5.828374877173199e-06,-0.05335641887485155,3.204616262922427,0.552268050859363,0.1493318452306808,0.6708203932499369,-130.0,-293621.3408672649,0.0002874036435969174
38,0.7619047619047619,-3.683080050666949e-06,-0.05320483888017518,3.204822981522116,0.552268050859363,0.1493318452306808,0.6708203932499369,-130.0,-293621.3408389937,0.00031567481346428394
39,0.7819548872180451,-6.011588341075693e-06,-0.05303571523615217,3.2049759253569063,0.552268050859363,0.1493318452306808,0.6708203932499369,-130.0,-293621.3408080345,0.0003466340131126344
40,0.8020050125313283,-6.861292412373755e-06,-0.05277746474304828,3.2053113547739907,0.552268050859363,0.1493318452306808,0.6708203932499369,-130.0,-293621.34077415115,0.00038051739102229476
41,0.8220551378446115,-6.1960451697440815e-06,-0.05259442975983313,3.205481560355472,0.552268050859363,0.1493318452306808,0.6708203932499369,-130.0,-293621.3407371183,0.0004175502108410001
42,0.8421052631578947,-7.77881285811318e-06,-0.052341644219219115,3.205801657630189,0.552268050859363,0.1493318452306808,0.6708203932499369,-130.0,-293621.3406963836,0.0004582849214784801
43,0.8621553884711779,-7.790672527713068e-06,-0.05213982736765489,3.2059861799403073,0.552268050859363,0.1493318452306808,0.6708203932499369,-130.0,-293621.3406518421,0.0005028264131397009
44,0.8822055137844611,-9.580433496371394e-06,-0.05189240894842314,3.2063170594625543,0.552268050859363,0.1493318452306808,0.6708203932499369,-130.0,-293621.34060309647,0.0005515720695257187
45,0.9022556390977443,-6.113260137784222e-06,-0.05165176874675283,3.2066457323679165,0.552268050859363,0.1493318452306808,0.6708203932499369,-130.0,-293621.34054960526,0.0006050632800906897
46,0.9223057644110275,-8.190271051136061e-06,-0.051371186117926716,3.2069492410568157,0.552268050859363,0.1493318452306808,0.6708203932499369,-130.0,-293621.34049112187,0.0006635466706939042
47,0.9423558897243107,-6.571493159478731e-06,-0.051123713918622325,3.2072182093948696,0.552268050859363,0.1493318452306808,0.6708203932499369,-130.0,-293621.34042704536,0.0007276231772266328
48,0.9624060150375939,-6.200869201807334e-06,-0.050818887280265436,3.207504845867423,0.552268050859363,0.1493318452306808,0.6708203932499369,-130.0,-293621.3403566158,0.0007980527589097619
49,0.9824561403508771,-9.182761201839414e-06,-0.0505203531337091,3.207929630810845,0.552268050859363,0.1493318452306808,0.6708203932499369,-130.0,-293621.34028005163,0.0008746169041842222
50,1.0025062656641603,-8.971979920508702e-06,-0.050208161284860664,3.2083019008694555,0.552268050859363,0.1493318452306808,0.6708203932499369,-130.0,-293621.3401959279,0.0009587406530044973
51,1.0225563909774436,-9.486164373077202e-06,-0.049885079173215725,3.208687207934343,0.552268050859363,0.1493318452306808,0.6708203932499369,-130.0,-293621.3401038262,0.0010508423438295722
52,1.0426065162907268,-6.575874353845963e-06,-0.04951960007811679,3.2091074737987553,0.552268050859363,0.1493318452306808,0.6708203932499369,-130.0,-293621.3400029297,0.0011517388629727066
53,1.06265664160401,-1.075930690747443e-05,-0.049160757903632106,3.2095167880538935,0.552268050859363,0.1493318452306808,0.6708203932499369,-130.0,-293621.3398926686,0.0012619999470189214
54,1.0827067669172932,-7.469623317254154e-06,-0.04884893054546007,3.2099040803596024,0.552268050859363,0.1493318452306808,0.6708203932499369,-130.0,-293621.339771679,0.001382989517878741
55,1.1027568922305764,-1.1364274343795143e-05,-0.04840861993542227,3.2104235578212936,0.552268050859363,0.1493318452306808,0.6708203932499369,-130.0,-293621.33963974164,0.0015149269020184875
56,1.1228070175438596,-8.478484551203909e-06,-0.0480423976912786,3.2108056368475126,0.552268050859363,0.1493318452306808,0.6708203932499369,-130.0,-293621.3394947098,0.0016599587397649884
57,1.1428571428571428,-1.2110261702304144e-05,-0.047549261210214855,3.2114103884510152,0.552268050859363,0.1493318452306808,0.6708203932499369,-130.0,-293621.3393369231,0.0018177454476244748
58,1.162907268170426,-1.1801356538074534e-05,-0.047106177470100395,3.2119587291100435,0.552268050859363,0.1493318452306808,0.6708203932499369,-130.0,-293621.3391638582,0.0019908103276975453
59,1.1829573934837092,-1.215963522664379e-05,-0.046624717994604034,3.2125230389412907,0.552268050859363,0.1493318452306808,0.6708203932499369,-130.0,-293621.3389745468,0.0021801217226311564
60,1.2030075187969924,-1.2743139879127542e-05,-0.04611740467572343,3.2130950802846088,0.552268050859363,0.1493318452306808,0.6708203932499369,-130.0,-293621.3387674657,0.002387202810496092
61,1.2230576441102756,-1.2937133607276535e-05,-0.04561766086359355,3.2137235666728845,0.552268050859363,0.1493318452306808,0.6708203932499369,-130.0,-293621.3385410501,0.002613618446048349
62,1.2431077694235588,-1.3416467502408549e-05,-0.045027236757837825,3.2143818435504024,0.552268050859363,0.1493318452306808,0.6708203932499369,-130.0,-293621.33829336055,0.0028613079921342432
63,1.263157894736842,-1.1405195150393705e-05,-0.04451991381703063,3.2149610114823473,0.552268050859363,0.1493318452306808,0.6708203932499369,-130.0,-293621.3380226962,0.0031319723348133266
64,1.2832080200501252,-1.4454283026293155e-05,-0.04386498277766731,3.2157550938268615,0.552268050859363,0.1493318452306808,0.6708203932499369,-130.0,-293621.33772684156,0.0034278269740752876
65,1.3032581453634084,-1.5693861853088276e-05,-0.043259328367927945,3.2165092264923008,0.552268050859363,0.1493318452306808,0.6708203932499369,-130.0,-293621.33740355354,0.0037511150003410876
66,1.3233082706766917,-1.6865883809113902e-05,-0.042615135881699136,3.2172705538553745,0.552268050859363,0.1493318452306808,0.6708203932499369,-130.0,-293621.3370502562,0.004104412335436791
67,1.3433583959899749,-1.5997298048665104e-05,-0.04198343135465204,3.217952233876488,0.552268050859363,0.1493318452306808,0.6708203932499369,-130.0,-293621.3366642353,0.004490433260798454
68,1.363408521303258,-1.5417222505856952e-05,-0.041245114104721,3.218864792880168,0.552268050859363,0.1493318452306808,0.6708203932499369,-130.0,-293621.33624273766,0.004911930882371962
69,1.3834586466165413,-1.4588514933001763e-05,-0.04052728014133589,3.2196944911087737,0.552268050859363,0.1493318452306808,0.6708203932499369,-130.0,-293621.33578229643,0.005372372106648982
70,1.4035087719298245,-1.3489449085294282e-05,-0.039740134249331094,3.2206396972592644,0.552268050859363,0.1493318452306808,0.6708203932499369,-130.0,-293621.3352795432,0.005875125352758914
71,1.4235588972431077,-1.4954087391926604e-05,-0.03894523876662683,3.2215623767081043,0.552268050859363,0.1493318452306808,0.6708203932499369,-130.0,-293621.3347307713,0.006423897226341069
72,1.443609022556391,-1.5189793861139856e-05,-0.038101893603932166,3.222592432585535,0.552268050859363,0.1493318452306808,0.6708203932499369,-130.0,-293621.33413181826,0.007022850273642689
73,1.463659147869674,-1.5082066100326542e-05,-0.037203295772928205,3.2236141831657474,0.552268050859363,0.1493318452306808,0.6708203932499369,-130.0,-293621.3334782997,0.007676368812099099
74,1.4837092731829573,-1.5974365017491073e-05,-0.03628642348672275,3.224656076326055,0.552268050859363,0.1493318452306808,0.6708203932499369,-130.0,-293621.33276534214,0.008389326394535601
75,1.5037593984962405,-1.650395440609824e-05,-0.035349485592234976,3.2257811509580847,0.552268050859363,0.1493318452306808,0.6708203932499369,-130.0,-293621.3319879067,0.00916676182532683
76,1.5238095238095237,-1.4835107299379918e-05,-0.034328767677688214,3.2269596414874444,0.552268050859363,0.1493318452306808,0.6708203932499369,-130.0,-293621.33114027156,0.010014396975748241
77,1.543859649122807,-1.728109302381445e-05,-0.03323707294791655,3.228303807942473,0.552268050859363,0.1493318452306808,0.6708203932499369,-130.0,-293621.33021645533,0.01093821320682764
78,1.5639097744360901,-1.4320615626458125e-05,-0.0322042788057898,3.229514261525059,0.552268050859363,0.1493318452306808,0.6708203932499369,-130.0,-293621.3292099344,0.011944734142161906
79,1.5839598997493733,-1.409576019666179e-05,-0.031048372624115767,3.2308799092461404,0.552268050859363,0.1493318452306808,0.6708203932499369,-130.0,-293621.3281135267,0.013041141850408167
80,1.6040100250626566,-1.4143450915041312e-05,-0.029822576743923045,3.2323751209292553,0.552268050859363,0.1493318452306808,0.6708203932499369,-130.0,-293621.32691950834,0.014235160197131336
81,1.6240601503759398,-1.4160001973887711e-05,-0.02857835735947779,3.233817189699368,0.552268050859363,0.1493318452306808,0.6708203932499369,-130.0,-293621.3256200474,0.015534621139522642
82,1.644110275689223,-1.0925600126219713e-05,-0.027273891408715136,3.235373431983023,0.552268050859363,0.1493318452306808,0.6708203932499369,-130.0,-293621.324205942,0.016948726552072912
83,1.6641604010025062,-8.807404175580994e-06,-0.025944660576873113,3.236880435678626,0.552268050859363,0.1493318452306808,0.6708203932499369,-130.0,-293621.3226680716,0.018486596934963018
84,1.6842105263157894,-9.599137400709494e-06,-0.02452060632531563,3.238586940099691,0.552268050859363,0.1493318452306808,0.6708203932499369,-130.0,-293621.3209960303,0.02015863824635744
85,1.7042606516290726,-9.375294454880213e-06,-0.0230274277600654,3.2403160657479244,0.552268050859363,0.1493318452306808,0.6708203932499369,-130.0,-293621.3191788479,0.0219758206512779
86,1.7243107769423558,-7.453090343355562e-06,-0.021485817825202813,3.2421904854730994,0.552268050859363,0.1493318452306808,0.6708203932499369,-130.0,-293621.3172049926,0.023949675960466266
87,1.744360902255639,-3.973825358399575e-06,-0.019907380953925212,3.2440383079158304,0.552268050859363,0.1493318452306808,0.6708203932499369,-130.0,-293621.3150620418,0.02609262673649937
88,1.7644110275689222,1.8062042014140378e-06,-0.018260581090550978,3.245904326894462,0.552268050859363,0.1493318452306808,0.6708203932499369,-130.0,-293621.31273617415,0.028418494388461113
89,1.7844611528822054,1.8133214729764586e-06,-0.016507550701274742,3.2480198967381164,0.552268050859363,0.1493318452306808,0.6708203932499369,-130.0,-293621.3102141406,0.030940527911297977
90,1.8045112781954886,4.83366529711519e-06,-0.014687888301159009,3.2501770466986275,0.552268050859363,0.1493318452306808,0.6708203932499369,-130.0,-293621.30748002615,0.03367464238544926
91,1.8245614035087718,7.4960057554747235e-06,-0.012774762109769947,3.2524560746310165,0.552268050859363,0.1493318452306808,0.6708203932499369,-130.0,-293621.30451801943,0.036636649107094854
92,1.844611528822055,1.097022807883707e-05,-0.010802069631113917,3.2547864943645592,0.552268050859363,0.1493318452306808,0.6708203932499369,-130.0,-293621.30131108215,0.039843586389906704
93,1.8646616541353382,1.3696650220565574e-05,-0.008749571145598501,3.2571540469183273,0.552268050859363,0.1493318452306808,0.6708203932499369,-130.0,-293621.29784119135,0.04331347718834877
94,1.8847117794486214,2.0473949698768515e-05,-0.006617821682113136,3.259692400306138,0.552268050859363,0.1493318452306808,0.6708203932499369,-130.0,-293621.29408953886,0.04706512967823073
95,1.9047619047619047,2.4481174749121496e-05,-0.004369869912893273,3.262318763869381,0.552268050859363,0.1493318452306808,0.6708203932499369,-130.0,-293621.2900359744,0.051118694129399955
96,1.9248120300751879,3.0238996930901757e-05,-0.0020504716063252187,3.2651020491982217,0.552268050859363,0.1493318452306808,0.6708203932499369,-130.0,-293621.2856596632,0.055495005333796144
97,1.944862155388471,3.6915265142255084e-05,0.0003548500295666046,3.2679254069845336,0.552268050859363,0.1493318452306808,0.6708203932499369,-130.0,-293621.2809385904,0.0602160781272687
98,1.9649122807017543,3.838529909298337e-05,0.0029083483352922847,3.270898722312747,0.552268050859363,0.1493318452306808,0.6708203932499369,-130.0,-293621.2758497463,0.06530492223100737
99,1.9849624060150375,5.160722037561307e-05,0.005491014166692633,3.273933062320362,0.552268050859363,0.1493318452306808,0.6708203932499369,-130.0,-293621.27036981296,0.07078485557576641
100,2.0050125313283207,6.0879881513725565e-05,0.008195304715983816,3.277145123577296,0.552268050859363,0.1493318452306808,0.6708203932499369,-130.0,-293621.2644738155,0.07668085303157568
101,2.025062656641604,6.886244772878392e-05,0.011042320553127304,3.2804865124051283,0.552268050859363,0.1493318452306808,0.6708203932499369,-130.0,-293621.2581364652,0.08301820332417265
102,2.045112781954887,7.858024616615773e-05,0.013993237860342476,3.283969876667746,0.552268050859363,0.1493318452306808,0.6708203932499369,-130.0,-293621.2513317693,0.0898228992591612
103,2.0651629072681703,9.143240213178649e-05,0.01701500625491139,3.2875189410272894,0.552268050859363,0.1493318452306808,0.6708203932499369,-130.0,-293621.2440333162,0.0971213523298502
104,2.0852130325814535,0.00010394713390527273,0.02017418336866921,3.2912118535623747,0.552268050859363,0.1493318452306808,0.6708203932499369,-130.0,-293621.2362141045,0.10494056402239949
105,2.1052631578947367,0.00012141742713076397,0.02341080419254028,3.295027421927519,0.552268050859363,0.1493318452306808,0.6708203932499369,-130.0,-293621.22784683487,0.11330783367156982
106,2.12531328320802,0.00013090276908732615,0.026893054807016068,3.2990588079810337,0.552268050859363,0.1493318452306808,0.6708203932499369,-130.0,-293621.2189054712,0.12224919733125716
107,2.145363408521303,0.0001423172638271768,0.030528722401871135,3.3034011209644913,0.552268050859363,0.1493318452306808,0.6708203932499369,-130.0,-293621.20936203236,0.1317926361807622
108,2.1654135338345863,0.00016306954246636307,0.034119869908811315,3.307530408183358,0.552268050859363,0.1493318452306808,0.6708203932499369,-130.0,-293621.19919169985,0.1419629686861299
109,2.1854636591478696,0.00017951608205599422,0.037978727951982844,3.3120457248977995,0.552268050859363,0.1493318452306808,0.6708203932499369,-130.0,-293621.1883683784,0.152786290156655
110,2.2055137844611528,0.00019406093804657306,0.041963693455980625,3.3167263341473756,0.552268050859363,0.1493318452306808,0.6708203932499369,-130.0,-293621.17686824856,0.1642864199820906
111,2.225563909774436,0.00021832766529857937,0.04603574349550987,3.3214259734809537,0.552268050859363,0.1493318452306808,0.6708203932499369,-130.0,-293621.1646693844,0.17648528411518782
112,2.245614035087719,0.00023977856078984407,0.050343344122771305,3.32643356578702,0.552268050859363,0.1493318452306808,0.6708203932499369,-130.0,-293621.15175173705,0.18940293148625642
113,2.2656641604010024,0.00026182738628953076,0.054782416534973295,3.3316040460680765,0.552268050859363,0.1493318452306808,0.6708203932499369,-130.0,-293621.1380977857,0.20305688283406198
114,2.2857142857142856,0.000287750822542905,0.05933567506179947,3.336839655792393,0.552268050859363,0.1493318452306808,0.6708203932499369,-130.0,-293621.12369331263,0.21746135590365157
115,2.305764411027569,0.00031343177251002137,0.06411114660678467,3.342467671549336,0.552268050859363,0.1493318452306808,0.6708203932499369,-130.0,-293621.10852828034,0.23262638819869608
116,2.325814536340852,0.0003407262785618255,0.06903693917832404,3.34811797056783,0.552268050859363,0.1493318452306808,0.6708203932499369,-130.0,-293621.092596506,0.24855816253693774
117,2.345864661654135,0.00036555655555534403,0.07421569241404477,3.35415573763991,0.552268050859363,0.1493318452306808,0.6708203932499369,-130.0,-293621.07589680905,0.2652578594861552
118,2.3659147869674184,0.0003994709116439084,0.07941934827724269,3.360049550030036,0.552268050859363,0.1493318452306808,0.6708203932499369,-130.0,-293621.0584348165,0.2827198520535603
119,2.3859649122807016,0.00042755293248826395,0.08496750773158909,3.366463266882726,0.552268050859363,0.1493318452306808,0.6708203932499369,-130.0,-293621.04022144683,0.30093322170432657
120,2.406015037593985,0.0004597326048122053,0.09064534059084785,3.372972369975871,0.552268050859363,0.1493318452306808,0.6708203932499369,-130.0,-293621.0212751733,0.31987949524773285
121,2.426065162907268,0.000492347668264005,0.09655903078867593,3.379809124623611,0.552268050859363,0.1493318452306808,0.6708203932499369,-130.0,-293621.00162243174,0.3395322368014604
122,2.4461152882205512,0.0005280118759360749,0.10262311174412274,3.3866563268862215,0.552268050859363,0.1493318452306808,0.6708203932499369,-130.0,-293620.98129912425,0.3598555442877114
123,2.4661654135338344,0.0005626580884996404,0.10894811721664432,3.3938400421292574,0.552268050859363,0.1493318452306808,0.6708203932499369,-130.0,-293620.96034928475,0.3808053837856278
124,2.4862155388471177,0.0005968620655160053,0.11547614096474174,3.4012701915369252,0.552268050859363,0.1493318452306808,0.6708203932499369,-130.0,-293620.9388281464,0.4023265221621841
125,2.506265664160401,0.0006326989130565005,0.12225761998399894,3.4090043696887666,0.552268050859363,0.1493318452306808,0.6708203932499369,-130.0,-293620.91680147377,0.42435319477226585
126,2.526315789473684,0.0006656279231870763,0.12934731884361547,3.417114957336147,0.552268050859363,0.1493318452306808,0.6708203932499369,-130.0,-293620.89434604655,0.4468086219858378
127,2.5463659147869673,0.0007048782600627137,0.13655334486248194,3.4252183748810845,0.552268050859363,0.1493318452306808,0.6708203932499369,-130.0,-293620.8715529271,0.46960174140986055
128,2.5664160401002505,0.0007408794005782859,0.14404835590658643,3.4336407149308523,0.552268050859363,0.1493318452306808,0.6708203932499369,-130.0,-293620.848522923,0.49263174552470446
129,2.5864661654135337,0.0007773729932679652,0.1518169531739176,3.442318678297604,0.552268050859363,0.1493318452306808,0.6708203932499369,-130.0,-293620.8253715525,0.5157831160468049
130,2.606516290726817,0.0008082823518518903,0.15991124655892597,3.451445249648332,0.552268050859363,0.1493318452306808,0.6708203932499369,-130.0,-293620.80222796585,0.5389267026912421
131,2.6265664160401,0.0008399040223573352,0.16826690782151826,3.4608474148994217,0.552268050859363,0.1493318452306808,0.6708203932499369,-130.0,-293620.779234079,0.5619205895345658
132,2.6466165413533833,0.0008695498306266519,0.17689715077773055,3.4704557747834643,0.552268050859363,0.1493318452306808,0.6708203932499369,-130.0,-293620.7565457824,0.5846088861580938
133,2.6666666666666665,0.0008948466110111262,0.1858767986360033,3.4804824425864993,0.552268050859363,0.1493318452306808,0.6708203932499369,-130.0,-293620.73433199135,0.6068226771894842
134,2.6867167919799497,0.00092055271155182,0.1951109150421521,3.4907412098131276,0.552268050859363,0.1493318452306808,0.6708203932499369,-130.0,-293620.71277432505,0.6283803434926085
135,2.706766917293233,0.0009416889702987158,0.20465648854823384,3.5013495378970365,0.552268050859363,0.1493318452306808,0.6708203932499369,-130.0,-293620.69206570636,0.6490889621782117
136,2.726817042606516,0.0009599928583918321,0.21452681068482735,3.512122373052505,0.552268050859363,0.1493318452306808,0.6708203932499369,-130.0,-293620.67240896664,0.668745701899752
137,2.7468671679197993,0.0009707476764376653,0.2247397274425533,3.523425911517967,0.552268050859363,0.1493318452306808,0.6708203932499369,-130.0,-293620.6540157565,0.6871389120351523
138,2.7669172932330826,0.0009742609001217456,0.23530780646971058,3.5349292916497848,0.552268050859363,0.1493318452306808,0.6708203932499369,-130.0,-293620.63710118894,0.7040534795960411
139,2.7869674185463658,0.00097808505432318,0.2461650870479084,3.5468005006373677,0.552268050859363,0.1493318452306808,0.6708203932499369,-130.0,-293620.621883179,0.7192714895354584
140,2.807017543859649,0.0009743547042494239,0.25729484310649303,3.5587954704902294,0.552268050859363,0.1493318452306808,0.6708203932499369,-130.0,-293620.60857520445,0.7325794640928507
141,2.827067669172932,0.0009664915190829323,0.2687897337127248,3.5710713179779208,0.552268050859363,0.1493318452306808,0.6708203932499369,-130.0,-293620.59738280333,0.7437718652072363
142,2.8471177944862154,0.0009503688693688014,0.2805985729899051,3.5835829340302965,0.552268050859363,0.1493318452306808,0.6708203932499369,-130.0,-293620.5884952711,0.7526593974325806
143,2.8671679197994986,0.0009304493631634268,0.2926035878168932,3.596036641647188,0.552268050859363,0.1493318452306808,0.6708203932499369,-130.0,-293620.58207887935,0.7590757891885005
144,2.887218045112782,0.000904446925778982,0.3048809985917055,3.608593387243102,0.552268050859363,0.1493318452306808,0.6708203932499369,-130.0,-293620.57826863084,0.7628860377008095
145,2.907268170426065,0.0008759805716853972,0.3174248431591785,3.6212727420684803,0.552268050859363,0.1493318452306808,0.6708203932499369,-130.0,-293620.57715968456,0.7639949839795008
146,2.927318295739348,0.0008397123686949349,0.33012877274970504,3.6336685730550244,0.552268050859363,0.1493318452306808,0.6708203932499369,-130.0,-293620.5787986796,0.7623559889616445
147,2.9473684210526314,0.0008027212736750628,0.3429598345107959,3.6457939580976557,0.552268050859363,0.1493318452306808,0.6708203932499369,-130.0,-293620.5831772608,0.7579774077166803
148,2.9674185463659146,0.0007613229715914962,0.3559365169529327,3.6576337771954726,0.552268050859363,0.1493318452306808,0.6708203932499369,-130.0,-293620.5902265044,0.750928164110519
149,2.987468671679198,0.0007237557779132713,0.3688489688824645,3.6687896475890933,0.552268050859363,0.1493318452306808,0.6708203932499369,-130.0,-293620.59981490276,0.7413397657801397
150,3.007518796992481,0.0006807227966549827,0.3818786016471475,3.67967544258796,0.552268050859363,0.1493318452306808,0.6708203932499369,-130.0,-293620.61174847983,0.7294061887077987
151,3.0275689223057642,0.000643451059551682,0.39482765047575763,3.689705070490399,0.552268050859363,0.1493318452306808,0.6708203932499369,-130.0,-293620.6257758927,0.7153787758434191
152,3.0476190476190474,0.0006076160569736914,0.40769727344596823,3.6990180079037707,0.552268050859363,0.1493318452306808,0.6708203932499369,-130.0,-293620.6415956536,0.6995590149308555
153,3.0676691729323307,0.0005773603785670922,0.42041624355204166,3.707453851568409,0.552268050859363,0.1493318452306808,0.6708203932499369,-130.0,-293620.65886746754,0.6822872009943239
154,3.087719298245614,0.0005529011313663136,0.43295357143342417,3.7148874041040245,0.552268050859363,0.1493318452306808,0.6708203932499369,-130.0,-293620.6772242438,0.6639304247219115
155,3.107769423558897,0.0005279234338585366,0.4453814747283532,3.7215565659214778,0.552268050859363,0.1493318452306808,0.6708203932499369,-130.0,-293620.6962867061,0.6448679624591023
156,3.1278195488721803,0.0005117800547782866,0.45759794593174735,3.7274171895341137,0.552268050859363,0.1493318452306808,0.6708203932499369,-130.0,-293620.7156755628,0.6254791057435796
157,3.1478696741854635,0.0005036152258154414,0.469538747649698,3.7321887049554485,0.552268050859363,0.1493318452306808,0.6708203932499369,-130.0,-293620.7350242639,0.6061304046306759
158,3.1679197994987467,0.0005022820241115002,0.4811897629778936,3.7359519845980493,0.552268050859363,0.1493318452306808,0.6708203932499369,-130.0,-293620.753989636,0.5871650325134397
159,3.18796992481203,0.000507962598892322,0.49262521163271844,3.738855492560053,0.552268050859363,0.1493318452306808,0.6708203932499369,-130.0,-293620.77225968614,0.5688949823961593
160,3.208020050125313,0.0005144269290576083,0.5038466983400807,3.740998498407637,0.552268050859363,0.1493318452306808,0.6708203932499369,-130.0,-293620.78955968644,0.5515949820983224
161,3.2280701754385963,0.0005321492088833671,0.5148049846611086,3.7424045088713784,0.552268050859363,0.1493318452306808,0.6708203932499369,-130.0,-293620.8056547186,0.535499949939549
162,3.2481203007518795,0.0005557824816415709,0.5254207883686866,3.742832805953501,0.552268050859363,0.1493318452306808,0.6708203932499369,-130.0,-293620.8203525254,0.5208021431462839
163,3.2681704260651627,0.000582611686856071,0.5358026831293691,3.742721398188969,0.552268050859363,0.1493318452306808,0.6708203932499369,-130.0,-293620.8335013793,0.5076532892417163
164,3.288220551378446,0.0006136652794157475,0.5459227898396137,3.741792880139371,0.552268050859363,0.1493318452306808,0.6708203932499369,-130.0,-293620.84499040426,0.49616426427382976
165,3.308270676691729,0.0006500388095230609,0.5557617750760643,3.7402541730814916,0.552268050859363,0.1493318452306808,0.6708203932499369,-130.0,-293620.8547445721,0.48641009646235034
166,3.3283208020050123,0.000690296989191945,0.5653975325480938,3.738328944853253,0.552268050859363,0.1493318452306808,0.6708203932499369,-130.0,-293620.8627236196,0.47843104891944677
167,3.3483709273182956,0.0007344410323982638,0.5747239304134233,3.7357508267970294,0.552268050859363,0.1493318452306808,0.6708203932499369,-130.0,-293620.86891611805,0.47223855048650876
168,3.3684210526315788,0.0007795473750390815,0.5838557632752723,3.7327683922781483,0.552268050859363,0.1493318452306808,0.6708203932499369,-130.0,-293620.8733370382,0.46781763032777235
169,3.388471177944862,0.0008269777881912656,0.5927429673746925,3.7293665496886828,0.552268050859363,0.1493318452306808,0.6708203932499369,-130.0,-293620.8760228852,0.4651317833340727
170,3.408521303258145,0.0008756992930232416,0.6014145698000339,3.7255512536310977,0.552268050859363,0.1493318452306808,0.6708203932499369,-130.0,-293620.8770281698,0.4641264987294562
171,3.4285714285714284,0.0009249572954280887,0.6098693663029716,3.7214908175784087,0.552268050859363,0.1493318452306808,0.6708203932499369,-130.0,-293620.8764217685,0.4647329000290483
172,3.4486215538847116,0.0009767186151810932,0.6180648060398423,3.7169834476181034,0.552268050859363,0.1493318452306808,0.6708203932499369,-130.0,-293620.87428356154,0.4668711069971323
173,3.468671679197995,0.0010286646285764989,0.6260496565663437,3.7121933621250434,0.552268050859363,0.1493318452306808,0.6708203932499369,-130.0,-293620.87070100236,0.470453666173853
174,3.488721804511278,0.0010761904604963694,0.6339246316728996,3.7072688552551254,0.552268050859363,0.1493318452306808,0.6708203932499369,-130.0,-293620.8657683357,0.47538633283693343
175,3.508771929824561,0.0011245659849902306,0.6416046755055786,3.7021920643456796,0.552268050859363,0.1493318452306808,0.6708203932499369,-130.0,-293620.8595815457,0.48157312284456566
176,3.5288220551378444,0.0011729035624210367,0.6490400281677254,3.6968233085131317,0.552268050859363,0.1493318452306808,0.6708203932499369,-130.0,-293620.85223834054,0.48891632800223306
177,3.5488721804511276,0.0012182539482238318,0.6563664545663911,3.691308002222393,0.552268050859363,0.1493318452306808,0.6708203932499369,-130.0,-293620.843836666,0.4973180025117472
178,3.568922305764411,0.0012650032763006894,0.663449126618036,3.685638310131525,0.552268050859363,0.1493318452306808,0.6708203932499369,-130.0,-293620.8344731371,0.5066815314348787
179,3.588972431077694,0.0013074678584649945,0.6704100167838142,3.6798047767944944,0.552268050859363,0.1493318452306808,0.6708203932499369,-130.0,-293620.82424207026,0.5169125982793048
180,3.6090225563909772,0.0013473440454871456,0.6771850107668744,3.6738496464522137,0.552268050859363,0.1493318452306808,0.6708203932499369,-130.0,-293620.8132351626,0.5279195059556514
181,3.6290726817042605,0.0013882437098996564,0.683847715805867,3.6679147940586514,0.552268050859363,0.1493318452306808,0.6708203932499369,-130.0,-293620.8015417999,0.5396128686261363
182,3.6491228070175437,0.0014237941233967157,0.6903409429219062,3.661776132690852,0.552268050859363,0.1493318452306808,0.6708203932499369,-130.0,-293620.78924730694,0.5519073616014794
183,3.669172932330827,0.001458636075652616,0.696701210961926,3.6556631856012505,0.552268050859363,0.1493318452306808,0.6708203932499369,-130.0,-293620.7764350865,0.5647195820347406
184,3.68922305764411,0.0014897032477331614,0.7029074494762901,3.649408221454928,0.552268050859363,0.1493318452306808,0.6708203932499369,-130.0,-293620.76318538433,0.5779692842043005
185,3.7092731829573933,0.0015221070754734031,0.7088945625743542,3.6430459202208407,0.552268050859363,0.1493318452306808,0.6708203932499369,-130.0,-293620.74957589136,0.5915787771809846
186,3.7293233082706765,0.0015417721860432052,0.7149394750506173,3.636842330761518,0.552268050859363,0.1493318452306808,0.6708203932499369,-130.0,-293620.73568473937,0.6054699291707948
187,3.7493734335839597,0.0015658687816941426,0.7207950537011186,3.6305598092412437,0.552268050859363,0.1493318452306808,0.6708203932499369,-130.0,-293620.72158504167,0.6195696268696338
188,3.769423558897243,0.001588903023240552,0.7264239853544521,3.6241763135050196,0.552268050859363,0.1493318452306808,0.6708203932499369,-130.0,-293620.7073519039,0.6338027646415867
189,3.789473684210526,0.0016059427611355612,0.7319996069520687,3.6177830982043404,0.552268050859363,0.1493318452306808,0.6708203932499369,-130.0,-293620.6930582687,0.6480963998474181
190,3.8095238095238093,0.0016213762697307333,0.7374631735837067,3.611402716216653,0.552268050859363,0.1493318452306808,0.6708203932499369,-130.0,-293620.6787775595,0.6623771090526134
191,3.8295739348370925,0.0016358203090007725,0.7427493398552208,3.604984384574461,0.552268050859363,0.1493318452306808,0.6708203932499369,-130.0,-293620.6645830663,0.6765716022346169
192,3.8496240601503757,0.0016448979140472667,0.747990452450418,3.598636668434686,0.552268050859363,0.1493318452306808,0.6708203932499369,-130.0,-293620.65054813144,0.6906065371003933
193,3.869674185463659,0.0016518571602337749,0.7530873477889376,3.5922131069389334,0.552268050859363,0.1493318452306808,0.6708203932499369,-130.0,-293620.63674600393,0.7044086646055803
194,3.889724310776942,0.0016571453380367178,0.75808202738744,3.5858687283500994,0.552268050859363,0.1493318452306808,0.6708203932499369,-130.0,-293620.6232501392,0.7179045293596573
195,3.9097744360902253,0.00165500638850893,0.7630308024080266,3.5795406230408946,0.552268050859363,0.1493318452306808,0.6708203932499369,-130.0,-293620.6101332808,0.7310213877353817
196,3.9298245614035086,0.0016568450674689453,0.7677982589734796,3.573185228518777,0.552268050859363,0.1493318452306808,0.6708203932499369,-130.0,-293620.59746788413,0.7436867844080552
197,3.9498746867167918,0.0016539653170342678,0.772461527219923,3.566851484903602,0.552268050859363,0.1493318452306808,0.6708203932499369,-130.0,-293620.5853246846,0.7558299839147367
198,3.969924812030075,0.0016494637404145926,0.7770542001963602,3.5605712826739353,0.552268050859363,0.1493318452306808,0.6708203932499369,-130.0,-293620.5737728775,0.7673817910254002
199,3.989974937343358,0.0016391252205471612,0.7815465709629338,3.554299491985667,0.552268050859363,0.1493318452306808,0.6708203932499369,-130.0,-293620.5628791963,0.7782754722284153
200,4.010025062656641,0.0016283026181647983,0.7859421534517864,3.54807599076549,0.552268050859363,0.1493318452306808,0.6708203932499369,-130.0,-293620.55270725815,0.7884474103921093
201,4.030075187969924,0.0018824559110882304,0.7853329700549275,3.5371605795580647,0.5522680504369317,0.14933184386363,0.6708203732117729,-129.990980579724,-293620.5416180798,0.7995365887181833
202,4.050125313283208,0.0015994815458605298,0.7944542198817143,3.535693838281424,0.552268050859363,0.1493318452306808,0.6708203932499369,-130.0,-293620.5347637444,0.8063909241463989
203,4.0701754385964914,0.0015819652586815485,0.7985737967461924,3.529526832806299,0.552268050859363,0.1493318452306808,0.6708203932499369,-130.0,-293620.52709818026,0.8140564882778563
204,4.090225563909774,0.0015614538749985556,0.8026180061773729,3.5234462737891197,0.552268050859363,0.1493318452306808,0.6708203932499369,-130.0,-293620.52036539634,0.8207892721984535
205,4.110275689223057,0.0015389323641069401,0.8065654424941807,3.5173724277638576,0.552268050859363,0.1493318452306808,0.6708203932499369,-130.0,-293620.5146044214,0.8265502471476793
206,4.130325814536341,0.0015172758666121928,0.8103816278052385,3.5113412777509065,0.552268050859363,0.1493318452306808,0.6708203932499369,-130.0,-293620.5098482336,0.8313064349349588
207,4.150375939849624,0.0014904550602388743,0.8141606681131026,3.505360572174373,0.552268050859363,0.1493318452306808,0.6708203932499369,-130.0,-293620.5061231805,0.8350314880372025
208,4.170426065162907,0.0014628048722766874,0.817851341276622,3.49938242924078,0.552268050859363,0.1493318452306808,0.6708203932499369,-130.0,-293620.50344909326,0.8377055752789602
209,4.19047619047619,0.0014322154195267787,0.8214838932973585,3.493533708185958,0.552268050859363,0.1493318452306808,0.6708203932499369,-130.0,-293620.50183900865,0.839315659890417
210,4.2105263157894735,0.0014031665374253863,0.8249597271473622,3.4875973024142217,0.552268050859363,0.1493318452306808,0.6708203932499369,-130.0,-293620.5013001328,0.8398545357631519
211,4.230576441102757,0.0013712028698772928,0.8283900395329611,3.4817604571377365,0.552268050859363,0.1493318452306808,0.6708203932499369,-130.0,-293620.50183230237,0.8393223661696538
212,4.25062656641604,0.001339447542185101,0.8317216026920882,3.475953901263218,0.552268050859363,0.1493318452306808,0.6708203932499369,-130.0,-293620.5034299446,0.8377247239113785
213,4.270676691729323,0.0013020037439522856,0.8350072329351144,3.4702237763847963,0.552268050859363,0.1493318452306808,0.6708203932499369,-130.0,-293620.5060816795,0.8350729890516959
214,4.290726817042606,0.0012660554434491373,0.8382082474728965,3.4645513202316973,0.552268050859363,0.1493318452306808,0.6708203932499369,-130.0,-293620.5097705124,0.8313841561321169
215,4.31077694235589,0.001230824167318756,0.8412792044528288,3.4588314491341996,0.552268050859363,0.1493318452306808,0.6708203932499369,-130.0,-293620.51447480876,0.8266798597760499
216,4.330827067669173,0.001193038699120627,0.844307431153264,3.453220341086431,0.552268050859363,0.1493318452306808,0.6708203932499369,-130.0,-293620.52016811876,0.8209865497774445
217,4.3508771929824555,0.001151269622797029,0.8472792935015654,3.4476626185009938,0.552268050859363,0.1493318452306808,0.6708203932499369,-130.0,-293620.52681996784,0.8143347006989643
218,4.370927318295739,0.0011155103361823386,0.8501237576259468,3.44211919644306,0.552268050859363,0.1493318452306808,0.6708203932499369,-130.0,-293620.5343964325,0.8067582360235974
219,4.390977443609023,0.0010759616915521368,0.8528994027879853,3.4366632513166424,0.552268050859363,0.1493318452306808,0.6708203932499369,-130.0,-293620.5428601298,0.7982945387484506
220,4.4110275689223055,0.0010377306587597722,0.8555843272737094,3.43122007659652,0.552268050859363,0.1493318452306808,0.6708203932499369,-130.0,-293620.55217098707,0.7889836814720184
221,4.431077694235588,0.0009966536011404529,0.8582227457516208,3.425832284382674,0.552268050859363,0.1493318452306808,0.6708203932499369,-130.0,-293620.5622866324,0.7788680361118168
222,4.451127819548872,0.0009559832009741651,0.8607710967171364,3.4204933668805184,0.552268050859363,0.1493318452306808,0.6708203932499369,-130.0,-293620.57316255034,0.7679921181988902
223,4.471177944862156,0.0009161407623830798,0.8632386547087798,3.41521605860944,0.552268050859363,0.1493318452306808,0.6708203932499369,-130.0,-293620.58475268603,0.7564019825076684
224,4.491228070175438,0.0008769341145462236,0.865612019570378,3.4099892510827434,0.552268050859363,0.1493318452306808,0.6708203932499369,-130.0,-293620.597009611,0.7441450575133786
225,4.511278195488721,0.0008360927549414214,0.8679445126705426,3.404801799829282,0.552268050859363,0.1493318452306808,0.6708203932499369,-130.0,-293620.6098849636,0.7312697049346752
226,4.531328320802005,0.0007953392008147077,0.8701951097264666,3.3996947935438295,0.552268050859363,0.1493318452306808,0.6708203932499369,-130.0,-293620.6233296069,0.7178250616416335
227,4.551378446115288,0.0007564724975605421,0.8723497760156416,3.3946235738331567,0.552268050859363,0.1493318452306808,0.6708203932499369,-130.0,-293620.6372940734,0.7038605951238424
228,4.571428571428571,0.0007192257418131735,0.8744258875922052,3.389606628260029,0.552268050859363,0.1493318452306808,0.6708203932499369,-130.0,-293620.6517286344,0.6894260341650806
229,4.591478696741854,0.0006798920081029298,0.8764344705531304,3.384644423016249,0.552268050859363,0.1493318452306808,0.6708203932499369,-130.0,-293620.666583682,0.6745709865354002
230,4.611528822055138,0.0006426695869017601,0.8783646000009874,3.379759265814407,0.552268050859363,0.1493318452306808,0.6708203932499369,-130.0,-293620.68180990795,0.659344760584645
231,4.631578947368421,0.0006064275594283047,0.8802409291654808,3.3749465048592757,0.552268050859363,0.1493318452306808,0.6708203932499369,-130.0,-293620.6973585074,0.6437961611663923
232,4.651629072681704,0.0005696803510274878,0.8820257695143705,3.370129498656265,0.552268050859363,0.1493318452306808,0.6708203932499369,-130.0,-293620.71318152355,0.627973144990392
233,4.671679197994987,0.0005331009354122406,0.8837588537585206,3.365430547497297,0.552268050859363,0.1493318452306808,0.6708203932499369,-130.0,-293620.72923174495,0.6119229235919192
234,4.69172932330827,0.000499340255938861,0.8854145335686255,3.360795349338456,0.552268050859363,0.1493318452306808,0.6708203932499369,-130.0,-293620.7454631583,0.5956915102433413
235,4.711779448621554,0.0004663787851200549,0.8869911877291783,3.3562003490661527,0.552268050859363,0.1493318452306808,0.6708203932499369,-130.0,-293620.76183099527,0.5793236732715741
236,4.731829573934837,0.00043329671279483537,0.8885224080820142,3.351669549686039,0.552268050859363,0.1493318452306808,0.6708203932499369,-130.0,-293620.7782918985,0.5628627700498328
237,4.75187969924812,0.0004006234207227244,0.8899927068952773,3.3472684477071493,0.552268050859363,0.1493318452306808,0.6708203932499369,-130.0,-293620.79480414063,0.5463505279039964
238,4.771929824561403,0.0003709674633328247,0.8913546969705382,3.342846131924703,0.552268050859363,0.1493318452306808,0.6708203932499369,-130.0,-293620.81132760434,0.5298270641942509
239,4.791979949874687,0.00034204040127863825,0.8926779151973514,3.338497215669148,0.552268050859363,0.1493318452306808,0.6708203932499369,-130.0,-293620.8278238194,0.5133308491203934
240,4.81203007518797,0.00031115283832897523,0.8939915252103394,3.3343436255916368,0.552268050859363,0.1493318452306808,0.6708203932499369,-130.0,-293620.84425681224,0.4968978562974371
241,4.832080200501252,0.00028483058497149775,0.8951619612942522,3.3301711702528927,0.552268050859363,0.1493318452306808,0.6708203932499369,-130.0,-293620.8605918637,0.480562804848887
242,4.852130325814536,0.00025780655219254854,0.8963356199572503,3.3260866792403565,0.552268050859363,0.1493318452306808,0.6708203932499369,-130.0,-293620.87679651746,0.4643581510754302
243,4.87218045112782,0.0002337923630702397,0.897379820703266,3.322038756399614,0.552268050859363,0.1493318452306808,0.6708203932499369,-130.0,-293620.8928406834,0.4483139851363376
244,4.8922305764411025,0.00020951368327796322,0.8984283344615718,3.3181006058631493,0.552268050859363,0.1493318452306808,0.6708203932499369,-130.0,-293620.9086961099,0.4324585586437024
245,4.912280701754385,0.00018636498887268142,0.8994041001447408,3.3142568367313627,0.552268050859363,0.1493318452306808,0.6708203932499369,-130.0,-293620.92433676735,0.4168179011903703
246,4.932330827067669,0.00016465939121297269,0.9003340178425829,3.3104450043227205,0.552268050859363,0.1493318452306808,0.6708203932499369,-130.0,-293620.93973893375,0.4014157347846776
247,4.9523809523809526,0.00014318832611180887,0.9012119253515152,3.3067220597264417,0.552268050859363,0.1493318452306808,0.6708203932499369,-130.0,-293620.95488083636,0.386273832176812
248,4.972431077694235,0.00012310056675691672,0.9020460754097696,3.303107491716314,0.552268050859363,0.1493318452306808,0.6708203932499369,-130.0,-293620.9697429682,0.3714117003255524
249,4.992481203007518,0.0001050685677785031,0.9028179918783715,3.29955785286926,0.552268050859363,0.1493318452306808,0.6708203932499369,-130.0,-293620.9843079242,0.35684674431104213
250,5.012531328320802,8.835659150248074e-05,0.9035296155268997,3.2960467682488885,0.552268050859363,0.1493318452306808,0.6708203932499369,-130.0,-293620.9985603765,0.34259429201483727
251,5.032581453634085,7.233482727775943e-05,0.9042134332792898,3.292665838280484,0.552268050859363,0.1493318452306808,0.6708203932499369,-130.0,-293621.0124868734,0.32866779511095956
252,5.052631578947368,5.6826203313429997e-05,0.9048543349123812,3.2892644095034753,0.552268050859363,0.1493318452306808,0.6708203932499369,-130.0,-293621.0260759043,0.3150787642225623
253,5.072681704260651,4.249266403599868e-05,0.9054464550931587,3.2860909919502923,0.552268050859363,0.1493318452306808,0.6708203932499369,-130.0,-293621.03931846423,0.3018362043076195
254,5.0927318295739346,2.7767473281838542e-05,0.9060276016447073,3.2829247371521637,0.552268050859363,0.1493318452306808,0.6708203932499369,-130.0,-293621.0522062534,0.28894841513829306
255,5.112781954887218,1.6730110761102873e-05,0.9065160898539103,3.2798140415614636,0.552268050859363,0.1493318452306808,0.6708203932499369,-130.0,-293621.06473345513,0.2764212134061381
256,5.132832080200501,6.596789596975892e-06,0.9069805608533005,3.276749985700957,0.552268050859363,0.1493318452306808,0.6708203932499369,-130.0,-293621.07689541293,0.26425925560761243
257,5.152882205513784,-4.5819886274644195e-06,0.9074513529607299,3.273880876305362,0.552268050859363,0.1493318452306808,0.6708203932499369,-130.0,-293621.0886898557,0.25246481283102185
258,5.172932330827067,-1.3478860715476873e-05,0.9078443620762232,3.2709821387378417,0.552268050859363,0.1493318452306808,0.6708203932499369,-130.0,-293621.10011448106,0.2410401874803938
259,5.192982456140351,-2.4134722220581523e-05,0.9082538542294356,3.2682753816862506,0.552268050859363,0.1493318452306808,0.6708203932499369,-130.0,-293621.1111697975,0.22998487105360255
260,5.213032581453634,-3.1547606973762906e-05,0.9086029154944903,3.2655627886158434,0.552268050859363,0.1493318452306808,0.6708203932499369,-130.0,-293621.12185630173,0.21929836680646986
261,5.233082706766917,-3.8336911583061125e-05,0.9089334105247608,3.2629465177301356,0.552268050859363,0.1493318452306808,0.6708203932499369,-130.0,-293621.1321762723,0.20897839625831693
262,5.2531328320802,-4.955296522587057e-05,0.9092496419515865,3.2604171531195094,0.552268050859363,0.1493318452306808,0.6708203932499369,-130.0,-293621.14213276486,0.1990219036815688
263,5.273182957393484,-5.1448260442443076e-05,0.9094736011136948,3.257941862626564,0.552268050859363,0.1493318452306808,0.6708203932499369,-130.0,-293621.1517298415,0.1894248270546086
264,5.293233082706767,-5.37991474545305e-05,0.9097513192129143,3.255629524712358,0.552268050859363,0.1493318452306808,0.6708203932499369,-130.0,-293621.16097200883,0.1801826597074978
265,5.313283208020049,-6.065524597533477e-05,0.9099301545100366,3.253166687941477,0.552268050859363,0.1493318452306808,0.6708203932499369,-130.0,-293621.1698651533,0.17128951521590352
266,5.333333333333333,-6.687941967110952e-05,0.9101585259672733,3.250997129852963,0.552268050859363,0.1493318452306808,0.6708203932499369,-130.0,-293621.1784154042,0.16273926431313157
267,5.353383458646617,-7.098659053998341e-05,0.9103863367220141,3.2488817541548656,0.552268050859363,0.1493318452306808,0.6708203932499369,-130.0,-293621.18662875076,0.15452591778011993
268,5.3734335839598995,-7.209909785253634e-05,0.9104833294196947,3.246716791954352,0.552268050859363,0.1493318452306808,0.6708203932499369,-130.0,-293621.194512744,0.14664192451164126
269,5.393483709273182,-7.640474296579275e-05,0.9106770529118612,3.244720492341387,0.552268050859363,0.1493318452306808,0.6708203932499369,-130.0,-293621.20207460463,0.13908006390556693
270,5.413533834586466,-7.769610360346836e-05,0.9108012670674878,3.242750641757456,0.552268050859363,0.1493318452306808,0.6708203932499369,-130.0,-293621.2093220478,0.13183262071106583
271,5.4335839598997495,-7.917007180047582e-05,0.9109056820543598,3.240840074299682,0.552268050859363,0.1493318452306808,0.6708203932499369,-130.0,-293621.2162630522,0.12489161634584889
272,5.453634085213032,-8.122733363716096e-05,0.9110097079709961,3.2390175389894362,0.552268050859363,0.1493318452306808,0.6708203932499369,-130.0,-293621.22290572437,0.11824894417077303
273,5.473684210526315,-8.099135759731835e-05,0.9110816091776741,3.2372645419383645,0.552268050859363,0.1493318452306808,0.6708203932499369,-130.0,-293621.2292583921,0.11189627641579136
274,5.493734335839599,-8.042930764593504e-05,0.9111342774813741,3.235517101201522,0.552268050859363,0.1493318452306808,0.6708203932499369,-130.0,-293621.2353293761,0.10582529241219163
275,5.513784461152882,-8.279824080033555e-05,0.9112264169222641,3.2339515756227413,0.552268050859363,0.1493318452306808,0.6708203932499369,-130.0,-293621.2411270645,0.10002760402858257
276,5.533834586466165,-8.172963979882612e-05,0.9112630812212535,3.2323404908873963,0.552268050859363,0.1493318452306808,0.6708203932499369,-130.0,-293621.24666009576,0.09449457278242335
277,5.553884711779448,-8.046593872208534e-05,0.91127840957019,3.230772553479263,0.552268050859363,0.1493318452306808,0.6708203932499369,-130.0,-293621.2519366663,0.08921800222015008
278,5.5739348370927315,-8.136916395296172e-05,0.9113337330983236,3.2293495014317353,0.552268050859363,0.1493318452306808,0.6708203932499369,-130.0,-293621.2569653247,0.08418934384826571
279,5.593984962406015,-7.914414909068033e-05,0.911332523904308,3.227923736785386,0.552268050859363,0.1493318452306808,0.6708203932499369,-130.0,-293621.26175435813,0.07940031040925533
280,5.614035087719298,-7.742531408903658e-05,0.9113302598700623,3.226566156033028,0.552268050859363,0.1493318452306808,0.6708203932499369,-130.0,-293621.2663120216,0.07484264695085585
281,5.634085213032581,-7.71953635169204e-05,0.9113633641142987,3.2253101280734535,0.552268050859363,0.1493318452306808,0.6708203932499369,-130.0,-293621.2706466035,0.07050806505139917
282,5.654135338345864,-7.727983884985846e-05,0.9113754321733237,3.2240502914775147,0.552268050859363,0.1493318452306808,0.6708203932499369,-130.0,-293621.2747661039,0.06638856464996934
283,5.674185463659148,-7.510292566103635e-05,0.9113620009363536,3.222879357640251,0.552268050859363,0.1493318452306808,0.6708203932499369,-130.0,-293621.27867852466,0.06247614388121292
284,5.694235588972431,-7.223388472637235e-05,0.911347667925012,3.221735207703536,0.552268050859363,0.1493318452306808,0.6708203932499369,-130.0,-293621.28239172645,0.058762942091561854
285,5.7142857142857135,-7.10546949452634e-05,0.9113172907428452,3.220580784858198,0.552268050859363,0.1493318452306808,0.6708203932499369,-130.0,-293621.28591341584,0.05524125270312652
286,5.734335839598997,-6.997427898530691e-05,0.9113237160029684,3.2195704940263,0.552268050859363,0.1493318452306808,0.6708203932499369,-130.0,-293621.2892512759,0.051903392653912306
287,5.754385964912281,-6.796578028099337e-05,0.9113025954151703,3.21856748780794,0.552268050859363,0.1493318452306808,0.6708203932499369,-130.0,-293621.2924126263,0.04874204221414402
288,5.774436090225564,-6.75076544005318e-05,0.9112997969285545,3.217641949134368,0.552268050859363,0.1493318452306808,0.6708203932499369,-130.0,-293621.29540475743,0.0457499111071229
289,5.794486215538846,-6.407866695472217e-05,0.911237263220458,3.21668661655149,0.552268050859363,0.1493318452306808,0.6708203932499369,-130.0,-293621.2982349625,0.0429197060293518
290,5.81453634085213,-6.359374910138464e-05,0.9112512984294808,3.215882133590634,0.552268050859363,0.1493318452306808,0.6708203932499369,-130.0,-293621.3009099222,0.04024474631296471
291,5.834586466165414,-6.140178795247276e-05,0.911209750771223,3.2150161661841623,0.552268050859363,0.1493318452306808,0.6708203932499369,-130.0,-293621.3034368914,0.03771777712972835
292,5.854636591478696,-5.748891248865323e-05,0.9111417306276581,3.2141748073977463,0.552268050859363,0.1493318452306808,0.6708203932499369,-130.0,-293621.3058221917,0.03533247683662921
293,5.874686716791979,-5.595665825306198e-05,0.9111109077587879,3.213391088890629,0.552268050859363,0.1493318452306808,0.6708203932499369,-130.0,-293621.30807230447,0.03308236406883225
294,5.894736842105263,-5.5232322205889596e-05,0.9111009529839857,3.212728024309702,0.552268050859363,0.1493318452306808,0.6708203932499369,-130.0,-293621.3101935995,0.030961069045588374
295,5.9147869674185465,-5.228846372386277e-05,0.9110642448868912,3.2120114694532123,0.552268050859363,0.1493318452306808,0.6708203932499369,-130.0,-293621.31219216663,0.02896250190678984
296,5.934837092731829,-5.4303976590076614e-05,0.9110934141559419,3.2114778538291744,0.552268050859363,0.1493318452306808,0.6708203932499369,-130.0,-293621.31407332973,0.027081338805146515
297,5.954887218045112,-4.811080644879176e-05,0.9109954616672667,3.2107614777790676,0.552268050859363,0.1493318452306808,0.6708203932499369,-130.0,-293621.31584452133,0.025310147204436362
298,5.974937343358396,-4.664240755558648e-05,0.9109410638231005,3.2101092188042535,0.552268050859363,0.1493318452306808,0.6708203932499369,-130.0,-293621.31750966137,0.023645007167942822
299,5.994987468671679,-4.578926625009117e-05,0.9109327159454321,3.209580280276536,0.552268050859363,0.1493318452306808,0.6708203932499369,-130.0,-293621.3190745982,0.022080070339143276
300,6.015037593984962,-4.149930159562381e-05,0.910860568654372,3.209059845995831,0.552268050859363,0.1493318452306808,0.6708203932499369,-130.0,-293621.3205444767,0.020610191859304905
301,6.035087719298245,-4.202433196941621e-05,0.9108686953165919,3.2085499636923265,0.552268050859363,0.1493318452306808,0.6708203932499369,-130.0,-293621.3219243988,0.01923026971053332
302,6.0551378446115285,-3.982886379377117e-05,0.91081374716037,3.208043299414062,0.552268050859363,0.1493318452306808,0.6708203932499369,-130.0,-293621.3232190866,0.01793558191275224
303,6.075187969924812,-3.614436414421274e-05,0.9107361885041317,3.207494711129135,0.552268050859363,0.1493318452306808,0.6708203932499369,-130.0,-293621.32443282293,0.016721845604479313
304,6.095238095238095,-3.571192623434076e-05,0.9107348636144179,3.2071444280064414,0.552268050859363,0.1493318452306808,0.6708203932499369,-130.0,-293621.3255708119,0.015583856613375247
305,6.115288220551378,-3.538131036397882e-05,0.910724038742473,3.206774637302372,0.552268050859363,0.1493318452306808,0.6708203932499369,-130.0,-293621.3266364855,0.014518183015752584
306,6.135338345864661,-3.3637643319832975e-05,0.9106901743104023,3.2063424314501705,0.552268050859363,0.1493318452306808,0.6708203932499369,-130.0,-293621.32763423567,0.01352043286897242
307,6.155388471177945,-2.9684790087789968e-05,0.9106339508160438,3.2059683770716854,0.552268050859363,0.1493318452306808,0.6708203932499369,-130.0,-293621.3285678513,0.012586817261762917
308,6.175438596491228,-3.244331008077727e-05,0.910657635222841,3.205637137097437,0.552268050859363,0.1493318452306808,0.6708203932499369,-130.0,-293621.3294408981,0.011713770451024175
309,6.1954887218045105,-2.9267620186886824e-05,0.9105824541337405,3.2052586280168422,0.552268050859363,0.1493318452306808,0.6708203932499369,-130.0,-293621.3302572236,0.010897444910369813
310,6.215538847117794,-2.800351302937067e-05,0.9105722998884301,3.2050250987550464,0.552268050859363,0.1493318452306808,0.6708203932499369,-130.0,-293621.3310199133,0.010134755226317793
311,6.235588972431078,-2.7885269314449856e-05,0.9105347410984688,3.204700021007977,0.552268050859363,0.1493318452306808,0.6708203932499369,-130.0,-293621.33173222345,0.009422445087693632
312,6.2556390977443606,-2.5041884971528404e-05,0.9105060578333839,3.2044275315127804,0.552268050859363,0.1493318452306808,0.6708203932499369,-130.0,-293621.3323971519,0.008757516625337303
313,6.275689223057643,-2.382674048886386e-05,0.9104846565857442,3.2041735815241053,0.552268050859363,0.1493318452306808,0.6708203932499369,-130.0,-293621.3330175666,0.0081371019477956
314,6.295739348370927,-2.2042460744784366e-05,0.910439157661527,3.203854872880296,0.552268050859363,0.1493318452306808,0.6708203932499369,-130.0,-293621.33359618863,0.007558479905128479
315,6.315789473684211,-2.0759530136450057e-05,0.91044907613492,3.2037279476578417,0.552268050859363,0.1493318452306808,0.6708203932499369,-130.0,-293621.3341355938,0.007019074750132859
316,6.335839598997493,-2.1465962224712003e-05,0.9104345169138781,3.2034758984334704,0.552268050859363,0.1493318452306808,0.6708203932499369,-130.0,-293621.3346384106,0.006516257941257209
317,6.355889724310776,-1.855228007407066e-05,0.9103659106821488,3.2032177346796353,0.552268050859363,0.1493318452306808,0.6708203932499369,-130.0,-293621.33510679373,0.006047874805517495
318,6.37593984962406,-1.7636672129947353e-05,0.9103283769289361,3.202948010384173,0.552268050859363,0.1493318452306808,0.6708203932499369,-130.0,-293621.3355426682,0.005612000357359648
319,6.3959899749373434,-1.7887123091398514e-05,0.9103559983622644,3.2028995545478964,0.552268050859363,0.1493318452306808,0.6708203932499369,-130.0,-293621.3359487649,0.00520590360974893
320,6.416040100250626,-1.7423379141253304e-05,0.9103364846562014,3.2026904977562483,0.552268050859363,0.1493318452306808,0.6708203932499369,-130.0,-293621.3363265378,0.004828130709938705
321,6.436090225563909,-1.5090329954738438e-05,0.9103014466836384,3.20249585908032,0.552268050859363,0.1493318452306808,0.6708203932499369,-130.0,-293621.3366778909,0.004476777627132833
322,6.456140350877193,-1.396174013597169e-05,0.9102515813179752,3.2022991769089573,0.552268050859363,0.1493318452306808,0.6708203932499369,-130.0,-293621.33700448944,0.0041501790983602405
323,6.476190476190476,-1.456115227831006e-05,0.9102889031438132,3.202261344604793,0.552268050859363,0.1493318452306808,0.6708203932499369,-130.0,-293621.3373081958,0.00384647271130234
324,6.496240601503759,-1.3121895507890415e-05,0.9102486122339194,3.2020406906983343,0.552268050859363,0.1493318452306808,0.6708203932499369,-130.0,-293621.3375904578,0.003564210725016892
325,6.516290726817042,-1.2459609887991993e-05,0.9102310633948719,3.2019496111485997,0.552268050859363,0.1493318452306808,0.6708203932499369,-130.0,-293621.3378526568,0.003302011755295098
326,6.5363408521303255,-1.3471617090439307e-05,0.9102046050009074,3.2017651741441,0.552268050859363,0.1493318452306808,0.6708203932499369,-130.0,-293621.338096025,0.0030586435459554195
327,6.556390977443609,-1.132463114918986e-05,0.9102127069421756,3.201698943570026,0.552268050859363,0.1493318452306808,0.6708203932499369,-130.0,-293621.33832221496,0.0028324535815045238
328,6.576441102756892,-1.072380052641023e-05,0.9102167928211353,3.2016228480645053,0.552268050859363,0.1493318452306808,0.6708203932499369,-130.0,-293621.3385320289,0.002622639643959701
329,6.596491228070175,-9.332912668155221e-06,0.9101696833501288,3.201518940649546,0.552268050859363,0.1493318452306808,0.6708203932499369,-130.0,-293621.33872679493,0.002427873609121889
330,6.616541353383458,-9.487421486527362e-06,0.9101555784026729,3.2013180000860704,0.552268050859363,0.1493318452306808,0.6708203932499369,-130.0,-293621.33890729427,0.0022473742719739676
331,6.636591478696742,-8.991688632558673e-06,0.9101477665665516,3.2013542210532733,0.552268050859363,0.1493318452306808,0.6708203932499369,-130.0,-293621.33907504624,0.0020796222961507738
332,6.656641604010025,-9.030451037415116e-06,0.910143347222383,3.2012292656562,0.552268050859363,0.1493318452306808,0.6708203932499369,-130.0,-293621.3392305843,0.0019240842666476965
333,6.6766917293233075,-7.921941466224707e-06,0.910100029999454,3.20105785234903,0.552268050859363,0.1493318452306808,0.6708203932499369,-130.0,-293621.3393744613,0.0017802072106860578
334,6.696741854636591,-5.954848776958044e-06,0.9100948731584555,3.2010074053893423,0.552268050859363,0.1493318452306808,0.6708203932499369,-130.0,-293621.3395082154,0.001646453165449202
335,6.716791979949875,-7.863900321258863e-06,0.9101265878796159,3.2010708068333225,0.552268050859363,0.1493318452306808,0.6708203932499369,-130.0,-293621.3396320821,0.0015225864481180906
336,6.7368421052631575,-7.219239299298115e-06,0.9101346767621027,3.200960981416609,0.552268050859363,0.1493318452306808,0.6708203932499369,-130.0,-293621.33974693745,0.0014077310916036367
337,6.75689223057644,-7.644791120389466e-06,0.9101210573283279,3.200891999775235,0.552268050859363,0.1493318452306808,0.6708203932499369,-130.0,-293621.33985332056,0.0013013479765504599
338,6.776942355889724,-4.553574190595442e-06,0.9100775750236796,3.2008304054088708,0.552268050859363,0.1493318452306808,0.6708203932499369,-130.0,-293621.33995188354,0.0012027850025333464
339,6.796992481203008,-3.7555592010839416e-06,0.9100390995969164,3.2007101162732248,0.552268050859363,0.1493318452306808,0.6708203932499369,-130.0,-293621.3400430355,0.0011116330279037356
340,6.81704260651629,-5.873816362897756e-06,0.9100898749845265,3.2007614919537772,0.552268050859363,0.1493318452306808,0.6708203932499369,-130.0,-293621.34012766805,0.001027000485919416
341,6.837092731829573,-4.9784413463380546e-06,0.910072582978178,3.2006963236542347,0.552268050859363,0.1493318452306808,0.6708203932499369,-130.0,-293621.34020599345,0.0009486750932410359
342,6.857142857142857,-4.5180094924072415e-06,0.9100483994881945,3.200607060030938,0.552268050859363,0.1493318452306808,0.6708203932499369,-130.0,-293621.3402784838,0.0008761847275309265
343,6.87719298245614,-3.3566559760026016e-06,0.9100314619210557,3.2005742270128947,0.552268050859363,0.1493318452306808,0.6708203932499369,-130.0,-293621.3403455807,0.000809087825473398
344,6.897243107769423,-4.5409490291338235e-06,0.9100580615976818,3.2005392189931072,0.552268050859363,0.1493318452306808,0.6708203932499369,-130.0,-293621.3404077242,0.0007469443371519446
345,6.917293233082706,-4.0151138233965865e-06,0.9100491984287533,3.200497115739081,0.552268050859363,0.1493318452306808,0.6708203932499369,-130.0,-293621.3404652237,0.0006894448306411505
346,6.93734335839599,-2.434760519877022e-06,0.9100235982008271,3.200449887208979,0.552268050859363,0.1493318452306808,0.6708203932499369,-130.0,-293621.3405184283,0.0006362402345985174
347,6.957393483709273,-3.2501948991396563e-06,0.91004133294885,3.200461916597312,0.552268050859363,0.1493318452306808,0.6708203932499369,-130.0,-293621.34056768677,0.000586981768719852
348,6.977443609022556,-2.56209426255064e-06,0.9100113889040692,3.200373657845665,0.552268050859363,0.1493318452306808,0.6708203932499369,-130.0,-293621.34061319585,0.0005414726911112666
349,6.997493734335839,-2.3854222640264007e-06,0.9100127518770244,3.200370278544006,0.552268050859363,0.1493318452306808,0.6708203932499369,-130.0,-293621.34065538476,0.0004992837784811854
350,7.017543859649122,-1.1798051341985965e-06,0.9100122465120696,3.2003697993348905,0.552268050859363,0.1493318452306808,0.6708203932499369,-130.0,-293621.3406943652,0.0004603033303283155
351,7.037593984962406,-3.6480123604244008e-06,0.9100544961945869,3.2003929278859373,0.552268050859363,0.1493318452306808,0.6708203932499369,-130.0,-293621.34073031455,0.00042435398790985346
352,7.057644110275689,-1.6010857458936419e-06,0.9099951558793274,3.200322391914606,0.552268050859363,0.1493318452306808,0.6708203932499369,-130.0,-293621.3407637411,0.000390927423723042
353,7.077694235588972,-3.084159647491739e-06,0.9100390151046074,3.2003528384238233,0.552268050859363,0.1493318452306808,0.6708203932499369,-130.0,-293621.3407944964,0.0003601721255108714
354,7.097744360902255,-2.9671543154940135e-06,0.9100217320489105,3.200289811029722,0.552268050859363,0.1493318452306808,0.6708203932499369,-130.0,-293621.34082309,0.00033157854340970516
355,7.117794486215539,-1.5740413236124971e-06,0.9099722147334371,3.2002025935639984,0.552268050859363,0.1493318452306808,0.6708203932499369,-130.0,-293621.3408493395,0.00030532904202118516
356,7.137844611528822,-1.813625596879404e-06,0.9099933513866929,3.2002593808482573,0.552268050859363,0.1493318452306808,0.6708203932499369,-130.0,-293621.3408737707,0.00028089783154428005
357,7.157894736842104,2.432886617821707e-07,0.909952096336723,3.2001446137694907,0.552268050859363,0.1493318452306808,0.6708203932499369,-130.0,-293621.34089609,0.00025857851142063737
358,7.177944862155388,-3.0700431802550355e-06,0.9100355204161628,3.200267492788315,0.552268050859363,0.1493318452306808,0.6708203932499369,-130.0,-293621.34091696277,0.00023770576808601618
359,7.197994987468672,-2.6027187748243424e-06,0.9100183562298478,3.2002383591440657,0.552268050859363,0.1493318452306808,0.6708203932499369,-130.0,-293621.3409362463,0.00021842221030965447
360,7.2180451127819545,-4.158224365331166e-07,0.9099802958347498,3.200145567726761,0.552268050859363,0.1493318452306808,0.6708203932499369,-130.0,-293621.3409540222,0.0002006463473662734
361,7.238095238095237,-1.355371813353541e-06,0.9099978070421093,3.2001791624076006,0.552268050859363,0.1493318452306808,0.6708203932499369,-130.0,-293621.3409704471,0.000184221426025033
362,7.258145363408521,-1.184070805253991e-06,0.9099935067965158,3.200167465180259,0.552268050859363,0.1493318452306808,0.6708203932499369,-130.0,-293621.3409855885,0.00016908004181459546
363,7.2781954887218046,-8.327007430294376e-07,0.9099733880635194,3.20015322145166,0.552268050859363,0.1493318452306808,0.6708203932499369,-130.0,-293621.3409995526,0.00015511596575379372
364,7.298245614035087,-2.1224240654381995e-06,0.9099766837931893,3.2001394774814673,0.552268050859363,0.1493318452306808,0.6708203932499369,-130.0,-293621.34101246047,0.00014220806770026684
365,7.31829573934837,1.7246474263592104e-06,0.9099321069083485,3.200016481895306,0.552268050859363,0.1493318452306808,0.6708203932499369,-130.0,-293621.3410240234,0.00013064511585980654
366,7.338345864661654,-1.240468331486137e-06,0.9099903038714148,3.2001380993481137,0.552268050859363,0.1493318452306808,0.6708203932499369,-130.0,-293621.3410353778,0.00011929072206839919
367,7.358395989974937,-3.008875491635362e-07,0.9099684139595146,3.2001011716880297,0.552268050859363,0.1493318452306808,0.6708203932499369,-130.0,-293621.3410455294,0.00010913913138210773
368,7.37844611528822,8.852886885430068e-08,0.90996873658453,3.2001344029601646,0.552268050859363,0.1493318452306808,0.6708203932499369,-130.0,-293621.34105483413,9.983440395444632e-05
369,7.398496240601503,-9.717932184178447e-07,0.9099854699675245,3.2001039297078715,0.552268050859363,0.1493318452306808,0.6708203932499369,-130.0,-293621.34106352855,9.11399838514626e-05
370,7.4185463659147866,-1.473072060550138e-06,0.9099893362572362,3.200127532682723,0.552268050859363,0.1493318452306808,0.6708203932499369,-130.0,-293621.3410714524,8.321611676365137e-05
371,7.43859649122807,-1.0368558423292287e-06,0.9099678204171345,3.200081420119564,0.552268050859363,0.1493318452306808,0.6708203932499369,-130.0,-293621.34107883146,7.58370733819902e-05
372,7.458646616541353,-3.476448146970076e-07,0.9099746193964001,3.200071387117292,0.552268050859363,0.1493318452306808,0.6708203932499369,-130.0,-293621.3410856039,6.906461203470826e-05
373,7.478696741854636,-1.3037019847244953e-06,0.9099878566414767,3.2000604228199188,0.552268050859363,0.1493318452306808,0.6708203932499369,-130.0,-293621.34109180985,6.285868585109711e-05
374,7.498746867167919,-1.132007078260731e-07,0.9099615757862425,3.2000571867526233,0.552268050859363,0.1493318452306808,0.6708203932499369,-130.0,-293621.3410975799,5.7088618632405996e-05
375,7.518796992481203,-3.961593014737114e-07,0.9099725424326683,3.200068423199435,0.552268050859363,0.1493318452306808,0.6708203932499369,-130.0,-293621.34110287594,5.1792594604194164e-05
376,7.538847117794486,-8.396990005595783e-07,0.9099872702012625,3.200115423462465,0.552268050859363,0.1493318452306808,0.6708203932499369,-130.0,-293621.3411076478,4.7020730562508106e-05
377,7.558897243107769,-3.810354558389887e-07,0.9099590867601101,3.200035882542909,0.552268050859363,0.1493318452306808,0.6708203932499369,-130.0,-293621.34111221886,4.244968295097351e-05
378,7.578947368421052,-1.2011932495000916e-06,0.9099752665133898,3.2000399937643995,0.552268050859363,0.1493318452306808,0.6708203932499369,-130.0,-293621.34111634403,3.8324506022036076e-05
379,7.598997493734336,-3.2798802011271936e-07,0.9099664772597711,3.2000580576840547,0.552268050859363,0.1493318452306808,0.6708203932499369,-130.0,-293621.34112014004,3.45284934155643e-05
380,7.619047619047619,-2.6884649160793195e-06,0.9100238735133076,3.2001299453756364,0.552268050859363,0.1493318452306808,0.6708203932499369,-130.0,-293621.3411233504,3.131816629320383e-05
381,7.639097744360901,-2.0261654549160496e-07,0.909965057975476,3.2000224058097926,0.552268050859363,0.1493318452306808,0.6708203932499369,-130.0,-293621.34112682677,2.7841771952807903e-05
382,7.659147869674185,-3.716732390172642e-07,0.90992930214132,3.199891696517587,0.552268050859363,0.1493318452306808,0.6708203932499369,-130.0,-293621.3411291335,2.5535060558468103e-05
383,7.679197994987469,-5.925992078486455e-07,0.9099868542462509,3.2000432320665353,0.552268050859363,0.1493318452306808,0.6708203932499369,-130.0,-293621.341132447,2.2221531253308058e-05
384,7.6992481203007515,-9.479705309725746e-07,0.9099771925871386,3.2000357306313534,0.552268050859363,0.1493318452306808,0.6708203932499369,-130.0,-293621.3411349487,1.9719824194908142e-05
385,7.719298245614034,-9.731051622223376e-07,0.9099741422264539,3.2000479681282057,0.552268050859363,0.1493318452306808,0.6708203932499369,-130.0,-293621.3411372194,1.744914334267378e-05
386,7.739348370927318,-6.355687470298424e-07,0.9099671718557651,3.2000280413264344,0.552268050859363,0.1493318452306808,0.6708203932499369,-130.0,-293621.3411393133,1.5355239156633615e-05
387,7.7593984962406015,-1.4633663112961228e-06,0.9099895033562838,3.200063507236215,0.552268050859363,0.1493318452306808,0.6708203932499369,-130.0,-293621.3411411688,1.3499753549695015e-05
388,7.779448621553884,2.334697497415857e-06,0.9099090512874537,3.1999289558462363,0.552268050859363,0.1493318452306808,0.6708203932499369,-130.0,-293621.3411426662,1.2002361472696066e-05
389,7.799498746867167,-1.1299076442684416e-06,0.9099772298577108,3.2000280317272343,0.552268050859363,0.1493318452306808,0.6708203932499369,-130.0,-293621.3411445614,1.0107120033353567e-05
390,7.819548872180451,-2.6707113115962087e-07,0.9099645929269874,3.200025152989002,0.552268050859363,0.1493318452306808,0.6708203932499369,-130.0,-293621.34114603716,8.631381206214428e-06
391,7.839598997493734,-7.656470964757671e-07,0.909976389794476,3.200031617239314,0.552268050859363,0.1493318452306808,0.6708203932499369,-130.0,-293621.3411473669,7.301627192646265e-06
392,7.859649122807017,-1.1889853578538925e-06,0.9099820181928487,3.2000387241075168,0.552268050859363,0.1493318452306808,0.6708203932499369,-130.0,-293621.3411485789,6.089627277106047e-06
393,7.8796992481203,-6.387271564800182e-07,0.9099717168444913,3.200029341319451,0.552268050859363,0.1493318452306808,0.6708203932499369,-130.0,-293621.3411497169,4.951609298586845e-06
394,7.8997493734335835,1.5061625452456316e-06,0.9099397058928576,3.2000181210844927,0.5522680508591118,0.14933184523055962,0.670820393249763,-130.00000000000003,-293621.34115069965,3.968889359384775e-06
395,7.919799498746867,-5.911184040754075e-08,0.9099633745504675,3.2000706495396645,0.552268050859363,0.1493318452306808,0.6708203932499369,-130.0,-293621.3411515604,3.108114469796419e-06
396,7.93984962406015,-8.721143441404745e-08,0.9099732748859956,3.2000544192161517,0.552268050859363,0.1493318452306808,0.6708203932499369,-130.0,-293621.34115248354,2.1849991753697395e-06
397,7.959899749373433,1.2624107862539622e-06,0.9099266854515297,3.199978323360789,0.552268050859363,0.1493318452306808,0.6708203932499369,-130.0,-293621.34115323523,1.4333054423332214e-06
398,7.979949874686716,1.0975804505355022e-07,0.909964203908864,3.200021400635736,0.552268050859363,0.1493318452306808,0.6708203932499369,-130.0,-293621.3411540258,6.427289918065071e-07
399,8.0,1.2376395141731802e-07,0.909960300140186,3.2000265092679254,0.552268050859363,0.1493318452306808,0.6708203932499369,-130.0,-293621.34115466854,0.0
