,GAMMA,x_vals,llh,delta_llh
0,0.0,[-7.49220555e-07 -5.65820768e-02  3.20079242e+00],-293621.3411516223,3.0512455850839615e-06
1,0.026755852842809364,[ 2.89123910e-06 -5.65804954e-02  3.20079242e+00],-293621.34115004126,4.632282070815563e-06
2,0.05351170568561873,[-5.08616110e-07 -5.64814929e-02  3.20091332e+00],-293621.34114893165,5.741894710808992e-06
3,0.0802675585284281,[ 2.26950919e-06 -5.64783273e-02  3.20091332e+00],-293621.3411469963,7.67724122852087e-06
4,0.10702341137123746,[-5.67111823e-07 -5.64203341e-02  3.20094113e+00],-293621.3411449649,9.70863038673997e-06
5,0.13377926421404682,[-2.64174117e-06 -5.62802721e-02  3.20109955e+00],-293621.3411432635,1.1410040315240622e-05
6,0.1605351170568562,[ 6.05967751e-07 -5.62802721e-02  3.20110028e+00],-293621.34114069876,1.3974786270409822e-05
7,0.18729096989966554,[ 1.58766252e-06 -5.62313475e-02  3.20125380e+00],-293621.3411381432,1.6530335415154696e-05
8,0.2140468227424749,[ 6.29941827e-07 -5.61636463e-02  3.20126454e+00],-293621.3411349904,1.9683153368532658e-05
9,0.2408026755852843,[-2.40032637e-06 -5.60198909e-02  3.20145277e+00],-293621.3411318862,2.2787367925047874e-05
10,0.26755852842809363,[ 1.45834410e-06 -5.60188893e-02  3.20145277e+00],-293621.34112771135,2.6962195988744497e-05
11,0.294314381270903,[-7.00121083e-07 -5.59197428e-02  3.20152640e+00],-293621.34112328227,3.1391275115311146e-05
12,0.3210702341137124,[-3.37286969e-06 -5.57695540e-02  3.20173909e+00],-293621.34111869923,3.5974313504993916e-05
13,0.34782608695652173,[-3.16627553e-06 -5.57499162e-02  3.20174849e+00],-293621.3411126708,4.200276453047991e-05
14,0.3745819397993311,[-3.83549971e-07 -5.55814107e-02  3.20186120e+00],-293621.34110624815,4.84253978356719e-05
15,0.4013377926421405,[-2.51693701e-06 -5.54957763e-02  3.20211474e+00],-293621.34109962836,5.504518048837781e-05
16,0.4280936454849498,[-1.81035404e-06 -5.53860122e-02  3.20217768e+00],-293621.34109152545,6.314809434115887e-05
17,0.45484949832775917,[-2.31249163e-06 -5.52596629e-02  3.20235882e+00],-293621.34108246735,7.220619590952992e-05
18,0.4816053511705686,[-3.10925005e-06 -5.51372004e-02  3.20244389e+00],-293621.34107198287,8.26906762085855e-05
19,0.5083612040133779,[-1.53537553e-06 -5.50565470e-02  3.20255851e+00],-293621.34105999285,9.468069765716791e-05
20,0.5351170568561873,[-1.56516110e-06 -5.48780177e-02  3.20267533e+00],-293621.3410464049,0.00010826863581314683
21,0.5618729096989966,[-3.88655282e-06 -5.46789746e-02  3.20304603e+00],-293621.3410324148,0.0001222587306983769
22,0.588628762541806,[-3.93553547e-06 -5.45283698e-02  3.20326954e+00],-293621.3410154966,0.00013917696196585894
23,0.6153846153846154,[-2.28796405e-06 -5.43831027e-02  3.20339414e+00],-293621.34099651343,0.00015816011000424623
24,0.6421404682274248,[-1.75051277e-06 -5.42288992e-02  3.20344821e+00],-293621.34097399673,0.00018067681230604649
25,0.6688963210702341,[-3.66657023e-06 -5.40213894e-02  3.20379377e+00],-293621.3409505622,0.0002041113330051303
26,0.6956521739130435,[-1.88165140e-06 -5.37782589e-02  3.20411050e+00],-293621.34092330176,0.0002313717850483954
27,0.7224080267558528,[-5.02348071e-06 -5.35354038e-02  3.20439163e+00],-293621.3408923332,0.00026234035613015294
28,0.7491638795986622,[-5.30946315e-06 -5.33205639e-02  3.20465556e+00],-293621.3408573044,0.0002973691443912685
29,0.7759197324414716,[-9.36998897e-06 -5.30151977e-02  3.20486439e+00],-293621.3408171354,0.0003375381347723305
30,0.802675585284281,[-6.09597013e-06 -5.28010082e-02  3.20524480e+00],-293621.340773058,0.00038161553675308824
31,0.8294314381270903,[-1.09555702e-05 -5.25027672e-02  3.20543748e+00],-293621.340721543,0.0004331305390223861
32,0.8561872909698997,[-1.12648132e-05 -5.21248873e-02  3.20608127e+00],-293621.34066493955,0.0004897339968010783
33,0.882943143812709,[-8.76286269e-06 -5.18766080e-02  3.20618452e+00],-293621.3406003969,0.000554276630282402
34,0.9096989966555183,[-7.67031308e-06 -5.15693536e-02  3.20671145e+00],-293621.3405285499,0.000626123626716435
35,0.9364548494983277,[-7.84435377e-06 -5.12095252e-02  3.20711771e+00],-293621.34044651163,0.0007081619114615023
36,0.9632107023411371,[-8.15800734e-06 -5.08222286e-02  3.20758398e+00],-293621.3403539305,0.0008007430587895215
37,0.9899665551839465,[-9.01313600e-06 -5.04034464e-02  3.20804902e+00],-293621.3402494097,0.000905263819731772
38,1.0167224080267558,[-6.86752659e-06 -5.00248178e-02  3.20848299e+00],-293621.3401311954,0.0010234781657345593
39,1.0434782608695652,[-9.46304566e-06 -4.95326851e-02  3.20912397e+00],-293621.3399983942,0.0011562793515622616
40,1.0702341137123745,[-9.82800286e-06 -4.90321774e-02  3.20969960e+00],-293621.33984831173,0.0013063618098385632
41,1.0969899665551839,[-1.01490459e-05 -4.85277103e-02  3.21030239e+00],-293621.33967897535,0.0014756981981918216
42,1.1237458193979932,[-1.14543190e-05 -4.79658242e-02  3.21091137e+00],-293621.33948801766,0.0016666558803990483
43,1.1505016722408026,[-1.09482462e-05 -4.73920529e-02  3.21157282e+00],-293621.3392726643,0.001882009266410023
44,1.177257525083612,[-1.38651126e-05 -4.67363808e-02  3.21239912e+00],-293621.33903006307,0.0021246104734018445
45,1.2040133779264215,[-1.27045609e-05 -4.61204953e-02  3.21313372e+00],-293621.33875657123,0.0023981023114174604
46,1.2307692307692308,[-1.25999800e-05 -4.54305485e-02  3.21392343e+00],-293621.3384483783,0.002706295228563249
47,1.2575250836120402,[-1.03915038e-05 -4.47043032e-02  3.21481674e+00],-293621.3381011937,0.003053479827940464
48,1.2842809364548495,[-1.39574911e-05 -4.38722561e-02  3.21577837e+00],-293621.3377103859,0.003444287634920329
49,1.3110367892976589,[-1.39527300e-05 -4.30526844e-02  3.21672742e+00],-293621.33727027423,0.0038843993097543716
50,1.3377926421404682,[-1.46997138e-05 -4.21601863e-02  3.21780967e+00],-293621.33677492867,0.004379744874313474
51,1.3645484949832776,[-1.37148784e-05 -4.12541998e-02  3.21886934e+00],-293621.3362175557,0.004937117861118168
52,1.391304347826087,[-1.46556672e-05 -4.02336458e-02  3.22004720e+00],-293621.33559081267,0.005563860875554383
53,1.4180602006688963,[-1.56729529e-05 -3.91646929e-02  3.22132908e+00],-293621.3348860929,0.006268580618780106
54,1.4448160535117056,[-1.70961557e-05 -3.80056674e-02  3.22273135e+00],-293621.3340938351,0.007060838455799967
55,1.471571906354515,[-1.29079735e-05 -3.69115276e-02  3.22397266e+00],-293621.3332041447,0.00795052881585434
56,1.4983277591973243,[-1.69163234e-05 -3.55602430e-02  3.22554341e+00],-293621.3322052096,0.00894946395419538
57,1.5250836120401337,[-1.54145464e-05 -3.42599927e-02  3.22712222e+00],-293621.33108400926,0.010070664284285158
58,1.5518394648829432,[-1.58007897e-05 -3.28233600e-02  3.22882751e+00],-293621.32982613804,0.011328535503707826
59,1.5785953177257526,[-1.24437264e-05 -3.13863911e-02  3.23049187e+00],-293621.3284160424,0.01273863116512075
60,1.605351170568562,[-1.21775875e-05 -2.97821753e-02  3.23238434e+00],-293621.3268360931,0.01431858044816181
61,1.6321070234113713,[-1.26922719e-05 -2.80893864e-02  3.23431702e+00],-293621.3250667323,0.016087941243313253
62,1.6588628762541806,[-8.24379927e-06 -2.63068558e-02  3.23646715e+00],-293621.3230870259,0.0180676476447843
63,1.68561872909699,[-9.68024283e-06 -2.44191407e-02  3.23872623e+00],-293621.32087325933,0.020281414210330695
64,1.7123745819397993,[-8.25122429e-06 -2.24116501e-02  3.24111543e+00],-293621.31839957216,0.022755101381335407
65,1.7391304347826086,[-5.77833065e-06 -2.03165379e-02  3.24355942e+00],-293621.315638109,0.0255165645503439
66,1.765886287625418,[-2.57639370e-06 -1.80639692e-02  3.24620117e+00],-293621.31255763967,0.028597033873666078
67,1.7926421404682273,[ 3.90161308e-06 -1.57571074e-02  3.24890831e+00],-293621.3091250255,0.03202964802039787
68,1.8193979933110367,[ 6.76106328e-06 -1.33043295e-02  3.25181103e+00],-293621.3053034474,0.035851226130034775
69,1.846153846153846,[ 1.15928415e-05 -1.06379890e-02  3.25495485e+00],-293621.3010537344,0.040100939164403826
70,1.8729096989966554,[ 1.52933753e-05 -7.82805403e-03  3.25831001e+00],-293621.2963329394,0.044821734132710844
71,1.899665551839465,[ 2.34664590e-05 -4.94248900e-03  3.26173119e+00],-293621.29109599895,0.05005867459112778
72,1.9264214046822743,[ 3.07481637e-05 -1.86055832e-03  3.26531126e+00],-293621.2852937448,0.05586092872545123
73,1.9531772575250836,[4.06843469e-05 1.36270151e-03 3.26908640e+00],-293621.27887410996,0.06228056357940659
74,1.979933110367893,[4.93048895e-05 4.82204677e-03 3.27315234e+00],-293621.27178252744,0.06937214609934017
75,2.0066889632107023,[6.24040570e-05 8.40799585e-03 3.27740227e+00],-293621.2639611561,0.07719351747073233
76,2.0334448160535117,[7.37660898e-05 1.22511748e-02 3.28192677e+00],-293621.2553500676,0.08580460597295314
77,2.060200668896321,[8.70791060e-05 1.62477377e-02 3.28662817e+00],-293621.2458870577,0.09526761586312205
78,2.0869565217391304,[1.03507088e-04 2.04702601e-02 3.29156035e+00],-293621.23550870316,0.10564597038319334
79,2.1137123745819397,[1.20250216e-04 2.49557629e-02 3.29686086e+00],-293621.2241505966,0.11700407695025206
80,2.140468227424749,[1.44168539e-04 2.95164344e-02 3.30214729e+00],-293621.21174896485,0.12940570869250223
81,2.1672240802675584,[1.62234765e-04 3.45038210e-02 3.30798988e+00],-293621.19824158377,0.14291308977408335
82,2.1939799331103678,[1.85884625e-04 3.96706634e-02 3.31405413e+00],-293621.1835676825,0.1575869910302572
83,2.220735785953177,[2.13222702e-04 4.50484852e-02 3.32030936e+00],-293621.16767197335,0.17348270019283518
84,2.2474916387959865,[2.36497362e-04 5.07721498e-02 3.32686102e+00],-293621.150504281,0.19065039255656302
85,2.274247491638796,[2.72150229e-04 5.66682180e-02 3.33379164e+00],-293621.13202375296,0.20913092058617622
86,2.301003344481605,[3.06003433e-04 6.29766210e-02 3.34109920e+00],-293621.11219869216,0.22895598137984052
87,2.3277591973244145,[3.42570358e-04 6.95394594e-02 3.34871738e+00],-293621.09101041546,0.25014425808331
88,2.354515050167224,[3.77707962e-04 7.64935566e-02 3.35680695e+00],-293621.06845576805,0.27269890549359843
89,2.381270903010033,[4.21491370e-04 8.36490527e-02 3.36495434e+00],-293621.0445519965,0.2966026770300232
90,2.408026755852843,[4.62718092e-04 9.12251155e-02 3.37361314e+00],-293621.0193346983,0.321819975215476
91,2.4347826086956523,[5.07050320e-04 9.91704347e-02 3.38270806e+00],-293620.99286634463,0.34828832891071215
92,2.4615384615384617,[5.57163765e-04 1.07411197e-01 3.39214834e+00],-293620.96523667173,0.3759180018096231
93,2.488294314381271,[6.02074292e-04 1.16168931e-01 3.40212476e+00],-293620.9365667212,0.4045879523619078
94,2.5150501672240804,[6.50039913e-04 1.25284060e-01 3.41245977e+00],-293620.90701107,0.4341436035465449
95,2.5418060200668897,[6.97216111e-04 1.34864683e-01 3.42328871e+00],-293620.87676146266,0.4643932108883746
96,2.568561872909699,[7.44621299e-04 1.44876444e-01 3.43457625e+00],-293620.8460488311,0.49510584241943434
97,2.5953177257525084,[7.90556508e-04 1.55327420e-01 3.44625846e+00],-293620.81514514884,0.5260095247067511
98,2.6220735785953178,[8.33018367e-04 1.66362277e-01 3.45871809e+00],-293620.7843657257,0.5567889478406869
99,2.648829431438127,[8.73089610e-04 1.77874808e-01 3.47159924e+00],-293620.7540675877,0.5870870858198032
100,2.6755852842809364,[9.07600407e-04 1.89919731e-01 3.48495402e+00],-293620.72465057054,0.6165041030035354
101,2.702341137123746,[9.36930971e-04 2.02528652e-01 3.49895922e+00],-293620.696553609,0.6446010645595379
102,2.729096989966555,[9.59865924e-04 2.15681183e-01 3.51351250e+00],-293620.6702500024,0.6709046711330302
103,2.7558528428093645,[9.73968313e-04 2.29423700e-01 3.52862484e+00],-293620.6462394617,0.6949152118177153
104,2.782608695652174,[9.78506725e-04 2.43789076e-01 3.54426304e+00],-293620.62503624073,0.7161184328142554
105,2.809364548494983,[9.73809707e-04 2.58666778e-01 3.56025183e+00],-293620.60715199617,0.7340026773745194
106,2.8361204013377925,[9.59642011e-04 2.74098752e-01 3.57673786e+00],-293620.5930740644,0.7480806091334671
107,2.862876254180602,[9.33824596e-04 2.90068061e-01 3.59347338e+00],-293620.58323711395,0.7579175595892593
108,2.8896321070234112,[8.9969965e-04 3.0643036e-01 3.6102432e+00],-293620.5779908026,0.7631638709572144
109,2.9163879598662206,[8.59140134e-04 3.23197106e-01 3.62690724e+00],-293620.57756371435,0.763590959191788
110,2.94314381270903,[8.11633689e-04 3.40262684e-01 3.64323660e+00],-293620.5820293747,0.759125298820436
111,2.9698996655518393,[7.58126131e-04 3.57513832e-01 3.65896274e+00],-293620.59127880225,0.7498758712899871
112,2.9966555183946486,[7.02918457e-04 3.74814858e-01 3.67380653e+00],-293620.60500561754,0.7361490559997037
113,3.023411371237458,[6.51666460e-04 3.92137642e-01 3.68765148e+00],-293620.6227093061,0.7184453674708493
114,3.0501672240802673,[6.02979891e-04 4.09340629e-01 3.70014586e+00],-293620.64371759037,0.6974370831740089
115,3.0769230769230766,[5.62128147e-04 4.26280857e-01 3.71115235e+00],-293620.667227727,0.6739269465324469
116,3.1036789297658864,[5.30589187e-04 4.42921557e-01 3.72042205e+00],-293620.692359034,0.6487956395721994
117,3.130434782608696,[5.11503937e-04 4.59133136e-01 3.72802205e+00],-293620.71820923104,0.6229454425047152
118,3.157190635451505,[5.01654832e-04 4.75000423e-01 3.73409176e+00],-293620.7439083748,0.5972462987410836
119,3.1839464882943145,[5.04897477e-04 4.90391697e-01 3.73844363e+00],-293620.7686631215,0.5724915520404465
120,3.210702341137124,[5.16970872e-04 5.05341014e-01 3.74125066e+00],-293620.7917873721,0.5493673014570959
121,3.237458193979933,[5.38051675e-04 5.19856252e-01 3.74273043e+00],-293620.8127206233,0.5284340502694249
122,3.2642140468227425,[5.74428553e-04 5.33820780e-01 3.74284089e+00],-293620.831035199,0.5101194745511748
123,3.290969899665552,[6.19074684e-04 5.47287832e-01 3.74159700e+00],-293620.84643179516,0.49472287838580087
124,3.317725752508361,[6.69006643e-04 5.60336367e-01 3.73943638e+00],-293620.8587298695,0.4824248040677048
125,3.3444816053511706,[7.24138326e-04 5.72963770e-01 3.73633955e+00],-293620.86785418616,0.4733004873851314
126,3.37123745819398,[7.85247521e-04 5.85148399e-01 3.73236512e+00],-293620.8738179442,0.4673367293435149
127,3.3979933110367893,[8.49835510e-04 5.96867083e-01 3.72752956e+00],-293620.8767057573,0.46444891626015306
128,3.4247491638795986,[9.15430866e-04 6.08284227e-01 3.72227110e+00],-293620.8766581287,0.4644965448533185
129,3.451505016722408,[9.83770295e-04 6.19238407e-01 3.71630226e+00],-293620.873855119,0.4672995545552112
130,3.4782608695652173,[1.04917708e-03 6.29881004e-01 3.70995166e+00],-293620.8685048201,0.4726498534437269
131,3.5050167224080266,[1.11493555e-03 6.40172230e-01 3.70316202e+00],-293620.8608312668,0.4803234067512676
132,3.531772575250836,[1.19006612e-03 6.49906227e-01 3.69569280e+00],-293620.8510616912,0.49009298236342147
133,3.5585284280936453,[1.23933386e-03 6.59794669e-01 3.68854817e+00],-293620.83944127086,0.5017134026857093
134,3.5852842809364547,[1.30038558e-03 6.69142244e-01 3.68091932e+00],-293620.82618495007,0.5149697234737687
135,3.612040133779264,[1.35525530e-03 6.78267636e-01 3.67311930e+00],-293620.811516799,0.5296378745697439
136,3.6387959866220734,[1.40617886e-03 6.87031141e-01 3.66497989e+00],-293620.7956494418,0.5455052317702211
137,3.6655518394648827,[1.45141601e-03 6.95540056e-01 3.65677359e+00],-293620.778783641,0.562371032545343
138,3.692307692307692,[1.49429997e-03 7.03851747e-01 3.64849424e+00],-293620.76111317123,0.5800415023113601
139,3.7190635451505014,[1.53168274e-03 7.11892846e-01 3.64007419e+00],-293620.7428239413,0.598330732260365
140,3.7458193979933108,[1.56356797e-03 7.19727584e-01 3.63166520e+00],-293620.7240963626,0.6170583109487779
141,3.7725752508361206,[1.59379712e-03 7.27282892e-01 3.62314413e+00],-293620.7051071756,0.6360474979155697
142,3.79933110367893,[1.61462233e-03 7.34685228e-01 3.61461608e+00],-293620.68603112514,0.6551235484075733
143,3.8260869565217392,[1.63226313e-03 7.41839767e-01 3.60608238e+00],-293620.6670422425,0.6741124310647137
144,3.8528428093645486,[1.64343541e-03 7.48875878e-01 3.59765456e+00],-293620.648314585,0.6928400885662995
145,3.879598662207358,[1.65493299e-03 7.55587558e-01 3.58905740e+00],-293620.630022913,0.7111317605595104
146,3.9063545150501673,[1.65835985e-03 7.62170736e-01 3.58061781e+00],-293620.6123407335,0.7288139400188811
147,3.9331103678929766,[1.65652822e-03 7.68552122e-01 3.57211579e+00],-293620.59544018516,0.7457144883810543
148,3.959866220735786,[1.64963362e-03 7.74783821e-01 3.56373308e+00],-293620.579489944,0.761664729565382
149,3.9866220735785953,[1.64277647e-03 7.80815294e-01 3.55535662e+00],-293620.56465227075,0.7765024027903564
150,4.013377926421405,[1.62479866e-03 7.86689919e-01 3.54702149e+00],-293620.5510809284,0.7900737451273017
151,4.040133779264214,[1.60893189e-03 7.92352484e-01 3.53876206e+00],-293620.5389180934,0.8022365801152773
152,4.066889632107023,[1.58399704e-03 7.97932425e-01 3.53060003e+00],-293620.528291575,0.8128630985156633
153,4.093645484949833,[1.55703379e-03 8.03300636e-01 3.52242325e+00],-293620.51931301627,0.821841657278128
154,4.120401337792642,[1.52828610e-03 8.08511377e-01 3.51432125e+00],-293620.5120750953,0.8290795782231726
155,4.147157190635451,[1.49537275e-03 8.13565432e-01 3.50632146e+00],-293620.5066508084,0.8345038651605137
156,4.173913043478261,[1.45774370e-03 8.18469387e-01 3.49833566e+00],-293620.5030923645,0.8380623090197332
157,4.20066889632107,[1.41831793e-03 8.23246791e-01 3.49048751e+00],-293620.50143116264,0.8397235109005123
158,4.2274247491638794,[1.37684339e-03 8.27834602e-01 3.48264309e+00],-293620.5016777774,0.8394768961588852
159,4.254180602006689,[1.33239067e-03 8.32308739e-01 3.47492891e+00],-293620.50382353854,0.8373311350005679
160,4.280936454849498,[1.28567430e-03 8.36640643e-01 3.46727862e+00],-293620.5078409711,0.8333137024310417
161,4.3076923076923075,[1.23555196e-03 8.40828062e-01 3.45972453e+00],-293620.5136860162,0.8274686573422514
162,4.334448160535117,[1.18519596e-03 8.44865908e-01 3.45224841e+00],-293620.5212994632,0.8198552103713155
163,4.361204013377926,[1.13613777e-03 8.48706172e-01 3.44477989e+00],-293620.5306089991,0.8105456744669937
164,4.3879598662207355,[1.08256089e-03 8.52478536e-01 3.43747073e+00],-293620.5415311653,0.799623508239165
165,4.414715719063545,[1.02765934e-03 8.56130567e-01 3.43027178e+00],-293620.553972484,0.7871821895241737
166,4.441471571906354,[9.75747647e-04 8.59530497e-01 3.42303687e+00],-293620.56783256104,0.7733221125090495
167,4.468227424749164,[9.22998833e-04 8.62854983e-01 3.41597590e+00],-293620.5830040852,0.758150588371791
168,4.494983277591973,[8.69504236e-04 8.66053720e-01 3.40903063e+00],-293620.5993754342,0.7417792393243872
169,4.521739130434782,[8.16200602e-04 8.69078850e-01 3.40207097e+00],-293620.61683148367,0.7243231898755766
170,4.548494983277592,[7.64565677e-04 8.72037295e-01 3.39535948e+00],-293620.6352556737,0.7058989998186007
171,4.575250836120401,[7.10574186e-04 8.74812554e-01 3.38866030e+00],-293620.65452961356,0.68662505998509
172,4.60200668896321,[6.60623778e-04 8.77462965e-01 3.38205924e+00],-293620.67453553894,0.6666191346012056
173,4.62876254180602,[6.10680830e-04 8.79991830e-01 3.37560741e+00],-293620.6951567889,0.6459978846251033
174,4.655518394648829,[5.62830355e-04 8.82343770e-01 3.36916820e+00],-293620.71627845615,0.6248762173927389
175,4.682274247491638,[5.16824431e-04 8.84641062e-01 3.36296831e+00],-293620.7377891715,0.6033655020291917
176,4.709030100334448,[4.71276311e-04 8.86773879e-01 3.35681828e+00],-293620.7595801039,0.5815745696309023
177,4.735785953177257,[4.27082569e-04 8.88808838e-01 3.35080671e+00],-293620.7815474281,0.5596072454354726
178,4.762541806020066,[3.84650970e-04 8.90728055e-01 3.34492923e+00],-293620.8035919545,0.5375627190223895
179,4.789297658862876,[3.45620823e-04 8.92505994e-01 3.33911946e+00],-293620.825620017,0.5155346565297805
180,4.816053511705686,[3.06163730e-04 8.94234646e-01 3.33349890e+00],-293620.8475436691,0.4936110044363886
181,4.842809364548495,[2.68129377e-04 8.95836344e-01 3.32799642e+00],-293620.8692812667,0.47187340684467927
182,4.869565217391305,[2.38052848e-04 8.97225529e-01 3.32256456e+00],-293620.890758033,0.45039664051728323
183,4.896321070234114,[2.05530863e-04 8.98614991e-01 3.31728355e+00],-293620.9119052319,0.42924944165861234
184,4.923076923076923,[1.74389589e-04 8.99927507e-01 3.31221067e+00],-293620.9326612849,0.40849338861880824
185,4.949832775919733,[1.45961573e-04 9.01102278e-01 3.30719782e+00],-293620.95297158486,0.38818308868212625
186,4.976588628762542,[1.20705201e-04 9.02196728e-01 3.30235220e+00],-293620.97278811387,0.36836655967636034
187,5.003344481605351,[9.38882836e-05 9.03253554e-01 3.29765130e+00],-293620.99206950504,0.34908516850555316
188,5.030100334448161,[7.54772057e-05 9.04131193e-01 3.29308610e+00],-293621.01078157884,0.3303730947081931
189,5.05685618729097,[5.42172323e-05 9.04969214e-01 3.28859986e+00],-293621.0288953742,0.31225929933134466
190,5.083612040133779,[3.39633834e-05 9.05782653e-01 3.28436716e+00],-293621.0463886093,0.29476606426760554
191,5.110367892976589,[1.77537950e-05 9.06489386e-01 3.28022057e+00],-293621.0632443945,0.2779102790518664
192,5.137123745819398,[2.05461409e-06 9.07124261e-01 3.27624668e+00],-293621.07945103897,0.26170363457640633
193,5.1638795986622075,[-1.00929641e-05  9.07685055e-01  3.27232627e+00],-293621.0950020837,0.24615258985431865
194,5.190635451505017,[-2.20620157e-05  9.08183801e-01  3.26856195e+00],-293621.10989471956,0.23125995398731902
195,5.217391304347826,[-3.40937534e-05  9.08699412e-01  3.26501996e+00],-293621.12413085275,0.21702382079092786
196,5.2441471571906355,[-4.27919001e-05  9.09090578e-01  3.26154012e+00],-293621.1377153994,0.20343927416251972
197,5.270903010033445,[-5.12125497e-05  9.09459126e-01  3.25819219e+00],-293621.15065649606,0.19049817748600617
198,5.297658862876254,[-5.89678819e-05  9.09802237e-01  3.25509058e+00],-293621.1629650593,0.17818961426382884
199,5.3244147157190636,[-6.18776999e-05  9.10044467e-01  3.25195002e+00],-293621.17465408676,0.16650058678351343
200,5.351170568561873,[-6.79964895e-05  9.10319667e-01  3.24907379e+00],-293621.1857386642,0.15541600936558098
201,5.377926421404682,[-7.65048380e-05  9.10571378e-01  3.24630388e+00],-293621.19623491506,0.14491975848795846
202,5.404682274247492,[-7.44219502e-05  9.10712594e-01  3.24357728e+00],-293621.20616076957,0.13499390397919342
203,5.431438127090301,[-7.85707391e-05  9.10884357e-01  3.24104173e+00],-293621.21553461434,0.1256200592033565
204,5.45819397993311,[-8.01512521e-05  9.11040412e-01  3.23861129e+00],-293621.2243756014,0.11677907215198502
205,5.48494983277592,[-8.07579061e-05  9.11102075e-01  3.23626160e+00],-293621.2327036468,0.10845102672465146
206,5.511705685618729,[-8.03838650e-05  9.11179070e-01  3.23403136e+00],-293621.24053844024,0.10061623330693692
207,5.538461538461538,[-8.30186660e-05  9.11271648e-01  3.23197794e+00],-293621.2479002159,0.09325445763533935
208,5.565217391304348,[-8.26138671e-05  9.11363188e-01  3.23007026e+00],-293621.2548085144,0.08634615916525945
209,5.591973244147157,[-7.92843234e-05  9.11340059e-01  3.22808758e+00],-293621.261284434,0.0798702395404689
210,5.618729096989966,[-7.85870707e-05  9.11366564e-01  3.22627604e+00],-293621.26734653325,0.07380814029602334
211,5.645484949832776,[-7.73114544e-05  9.11323673e-01  3.22452373e+00],-293621.27301448316,0.0681401903857477
212,5.672240802675585,[-7.50027481e-05  9.11361918e-01  3.22297289e+00],-293621.2783079263,0.06284674722701311
213,5.698996655518394,[-7.17561737e-05  9.11323907e-01  3.22141976e+00],-293621.28324502136,0.05790965218329802
214,5.725752508361204,[-6.89463959e-05  9.11353282e-01  3.22007034e+00],-293621.28784424625,0.05331042729085311
215,5.752508361204013,[-6.82715824e-05  9.11304163e-01  3.21865911e+00],-293621.29212387174,0.04903080180520192
216,5.7792642140468224,[-6.69548768e-05  9.11299762e-01  3.21744295e+00],-293621.2961007365,0.04505393706494942
217,5.806020066889632,[-6.16438912e-05  9.11225401e-01  3.21615112e+00],-293621.2997922832,0.041362390329595655
218,5.832775919732441,[-5.97206670e-05  9.11179155e-01  3.21507321e+00],-293621.3032146365,0.03794003702932969
219,5.8595317725752505,[-5.73918919e-05  9.11135137e-01  3.21396047e+00],-293621.3063837564,0.034770917147397995
220,5.88628762541806,[-5.58567504e-05  9.11144356e-01  3.21306757e+00],-293621.3093148303,0.03183984325733036
221,5.913043478260869,[-4.96542276e-05  9.11046701e-01  3.21211383e+00],-293621.3120229582,0.02913171536056325
222,5.9397993311036785,[-5.14646770e-05  9.11039583e-01  3.21124752e+00],-293621.31452216103,0.026632512512151152
223,5.966555183946488,[-4.85297848e-05  9.10990285e-01  3.21041898e+00],-293621.3168259853,0.02432868821779266
224,5.993311036789297,[-4.50748916e-05  9.10915122e-01  3.20961511e+00],-293621.31894748553,0.022207188012544066
225,6.020066889632107,[-4.34477613e-05  9.10870261e-01  3.20891391e+00],-293621.3208989423,0.020255731244105846
226,6.046822742474916,[-4.09420272e-05  9.10838066e-01  3.20826364e+00],-293621.3226922045,0.018462469044607133
227,6.073578595317725,[-3.69445297e-05  9.10768180e-01  3.20758622e+00],-293621.3243384655,0.016816208022646606
228,6.100334448160535,[-3.76508137e-05  9.10762841e-01  3.20709003e+00],-293621.3258482742,0.01530639932025224
229,6.127090301003344,[-3.37009034e-05  9.10684963e-01  3.20650761e+00],-293621.3272317987,0.013922874815762043
230,6.153846153846153,[-3.32538410e-05  9.10681801e-01  3.20605194e+00],-293621.328498147,0.012656526523642242
231,6.1806020066889635,[-3.16801061e-05  9.10630190e-01  3.20555014e+00],-293621.3296565062,0.011498167354147881
232,6.207357859531773,[-2.72731394e-05  9.10567659e-01  3.20511156e+00],-293621.33071503014,0.01043964340351522
233,6.234113712374582,[-2.66357287e-05  9.10545552e-01  3.20470374e+00],-293621.331681453,0.009473220561631024
234,6.260869565217392,[-2.41380002e-05  9.10509768e-01  3.20438611e+00],-293621.3325631205,0.008591553021688014
235,6.287625418060201,[-2.76047528e-05  9.10555874e-01  3.20407002e+00],-293621.33336636,0.007788313552737236
236,6.31438127090301,[-2.25726406e-05  9.10451571e-01  3.20378839e+00],-293621.3340986996,0.007055973925162107
237,6.34113712374582,[-2.12208500e-05  9.10423695e-01  3.20341803e+00],-293621.3347654201,0.006389253423549235
238,6.367892976588629,[-2.20449249e-05  9.10422871e-01  3.20312655e+00],-293621.33537140395,0.005783269589301199
239,6.394648829431438,[-1.81352016e-05  9.10369056e-01  3.20288274e+00],-293621.33592253306,0.0052321404800750315
240,6.421404682274248,[-1.95279195e-05  9.10368357e-01  3.20266475e+00],-293621.3364228871,0.00473178643733263
241,6.448160535117057,[-1.83411882e-05  9.10361080e-01  3.20252943e+00],-293621.3368769383,0.004277735250070691
242,6.474916387959866,[-1.40937210e-05  9.10270585e-01  3.20222135e+00],-293621.3372896404,0.0038650331553071737
243,6.501672240802676,[-1.44926738e-05  9.10290925e-01  3.20213219e+00],-293621.33766313246,0.003491541079711169
244,6.528428093645485,[-1.64960322e-05  9.10290923e-01  3.20197776e+00],-293621.338001759,0.0031529145198874176
245,6.555183946488294,[-1.26848402e-05  9.10238705e-01  3.20177118e+00],-293621.3383089636,0.0028457099688239396
246,6.581939799331104,[-1.16609151e-05  9.10217477e-01  3.20161346e+00],-293621.3385868689,0.0025678046513348818
247,6.608695652173913,[-1.29400710e-05  9.10216198e-01  3.20146766e+00],-293621.33883829386,0.002316379686817527
248,6.635451505016722,[-9.74419606e-06  9.10166973e-01  3.20134205e+00],-293621.33906592266,0.002088750887196511
249,6.662207357859532,[-1.14794719e-05  9.10196376e-01  3.20127917e+00],-293621.3392714572,0.0018832163186743855
250,6.688963210702341,[-1.03693680e-05  9.10196376e-01  3.20127283e+00],-293621.33945684764,0.0016978259081952274
251,6.7157190635451505,[-6.94754838e-06  9.10115059e-01  3.20101443e+00],-293621.3396258202,0.0015288533177226782
252,6.74247491638796,[-7.04470847e-06  9.10113234e-01  3.20092301e+00],-293621.33977769397,0.0013769795768894255
253,6.769230769230769,[-6.94603390e-06  9.10113234e-01  3.20092301e+00],-293621.33991470723,0.001239966310095042
254,6.7959866220735785,[-6.30454559e-06  9.10108057e-01  3.20079171e+00],-293621.3400387166,0.0011159569257870317
255,6.822742474916388,[-7.29912001e-06  9.10108057e-01  3.20079072e+00],-293621.3401503739,0.0010042996727861464
256,6.849498327759197,[-4.24752578e-06  9.10052460e-01  3.20061648e+00],-293621.3402514956,0.0009031779482029378
257,6.8762541806020065,[-4.24752578e-06  9.10052460e-01  3.20059627e+00],-293621.3403425831,0.0008120904676616192
258,6.903010033444816,[-4.24752578e-06  9.10052460e-01  3.20052234e+00],-293621.34042472055,0.0007299529970623553
259,6.929765886287625,[-4.24752578e-06  9.10052460e-01  3.20052234e+00],-293621.3404987984,0.0006558751338161528
260,6.956521739130435,[-3.82284233e-06  9.10052885e-01  3.20052192e+00],-293621.34056547005,0.0005892034969292581
261,6.983277591973244,[-1.09555019e-06  9.10068432e-01  3.20049486e+00],-293621.34062553325,0.0005291402922011912
262,7.010033444816053,[-8.92865926e-06  9.10066556e-01  3.20039973e+00],-293621.34067993436,0.0004747391794808209
263,7.036789297658863,[-5.05358545e-06  9.10064547e-01  3.20039772e+00],-293621.3407288803,0.00042579323053359985
264,7.063545150501672,[-5.05358545e-06  9.10064547e-01  3.20039772e+00],-293621.3407728345,0.00038183905417099595
265,7.090301003344481,[-5.05358545e-06  9.10064547e-01  3.20039772e+00],-293621.3408123703,0.0003423032467253506
266,7.117056856187291,[-2.24217996e-06  9.10016328e-01  3.20027556e+00],-293621.3408485035,0.00030617002630606294
267,7.1438127090301,[-2.73914884e-06  9.10016328e-01  3.20027506e+00],-293621.34088063746,0.00027403607964515686
268,7.170568561872909,[-2.73914884e-06  9.10016328e-01  3.20023895e+00],-293621.3409096114,0.000245062168687582
269,7.197324414715719,[-2.73914884e-06  9.10016328e-01  3.20023895e+00],-293621.340935631,0.0002190425293520093
270,7.224080267558528,[-2.64039206e-06  9.10016328e-01  3.20023895e+00],-293621.3409590183,0.00019565527327358723
271,7.250836120401337,[-2.64039206e-06  9.10016328e-01  3.20023895e+00],-293621.34098003525,0.00017463829135522246
272,7.277591973244147,[-3.48791311e-06  9.10016328e-01  3.20023725e+00],-293621.340998923,0.00015575054567307234
273,7.304347826086956,[-3.63873147e-06  9.10016328e-01  3.20022404e+00],-293621.34101596044,0.00013871310511603951
274,7.331103678929765,[-3.41236186e-06  9.10014671e-01  3.20020787e+00],-293621.3410312951,0.00012337847147136927
275,7.357859531772575,[-2.18343108e-06  9.10014671e-01  3.20020726e+00],-293621.34104499884,0.00010967470007017255
276,7.384615384615384,[-2.18343108e-06  9.10014797e-01  3.20020726e+00],-293621.34105729323,9.738031076267362e-05
277,7.4113712374581935,[-3.09734444e-06  9.10013883e-01  3.20012932e+00],-293621.34106862836,8.604518370702863e-05
278,7.438127090301003,[-2.60196572e-06  9.10013883e-01  3.20012932e+00],-293621.3410785655,7.610803004354239e-05
279,7.464882943143812,[-3.04752715e-06  9.10013661e-01  3.20012910e+00],-293621.3410874759,6.719765951856971e-05
280,7.4916387959866215,[-7.01841443e-07  9.09978210e-01  3.20009318e+00],-293621.341095585,5.908851744607091e-05
281,7.518394648829431,[-7.01841443e-07  9.09978210e-01  3.20009318e+00],-293621.3411027456,5.1927927415817976e-05
282,7.545150501672241,[-8.17652002e-07  9.09978210e-01  3.20006032e+00],-293621.34110919386,4.547968273982406e-05
283,7.5719063545150505,[-7.90617807e-07  9.09978210e-01  3.20006032e+00],-293621.3411149404,3.973313141614199e-05
284,7.59866220735786,[-8.88739272e-07  9.09978210e-01  3.20006032e+00],-293621.3411200785,3.459502477198839e-05
285,7.625418060200669,[-8.88739272e-07  9.09978210e-01  3.20006032e+00],-293621.3411246691,3.000441938638687e-05
286,7.6521739130434785,[-8.88739272e-07  9.09978210e-01  3.20006032e+00],-293621.34112876764,2.5905901566147804e-05
287,7.678929765886288,[-8.88739272e-07  9.09978210e-01  3.20006032e+00],-293621.34113242396,2.224958734586835e-05
288,7.705685618729097,[-8.88739272e-07  9.09978210e-01  3.20004336e+00],-293621.3411356986,1.89749407581985e-05
289,7.7324414715719065,[-8.66094082e-07  9.09978210e-01  3.20004336e+00],-293621.3411386047,1.6068865079432726e-05
290,7.759197324414716,[-8.66094082e-07  9.09978210e-01  3.20004336e+00],-293621.34114119085,1.3482698705047369e-05
291,7.785953177257525,[-8.66094082e-07  9.09978210e-01  3.20004336e+00],-293621.3411434905,1.1183030437678099e-05
292,7.812709030100335,[-1.01399238e-06  9.09978210e-01  3.20004336e+00],-293621.34114553395,9.139592293649912e-06
293,7.839464882943144,[-1.01399238e-06  9.09978210e-01  3.20004336e+00],-293621.3411473482,7.325317710638046e-06
294,7.866220735785953,[-1.01399238e-06  9.09978210e-01  3.20004336e+00],-293621.3411489581,5.715468432754278e-06
295,7.892976588628763,[1.51495628e-07 9.09955918e-01 3.20002107e+00],-293621.34115040454,4.269008059054613e-06
296,7.919732441471572,[4.57498100e-07 9.09956224e-01 3.20002107e+00],-293621.3411516718,3.001769073307514e-06
297,7.946488294314381,[2.21326498e-07 9.09956224e-01 3.20002107e+00],-293621.34115279454,1.8790015019476414e-06
298,7.973244147157191,[4.85917531e-07 9.09956489e-01 3.20002107e+00],-293621.34115378914,8.844071999192238e-07
299,8.0,[4.85917531e-07 9.09965499e-01 3.20002107e+00],-293621.34115467354,0.0
